MOF_name,gas_type,temperature,temperature_unit,pressure,pressure_unit,capacity_value,capacity_unit,DOI,publication_year,source_id,source_url,source_location,extraction_method,notes
UiO-66-NH2,CO2,25,C,1,bar,3.2,mmol/g,10.1038/s41598-023-47221-6,2023,paper_uio66_nh2_sonochemical_2023,https://www.nature.com/articles/s41598-023-47221-6,pdf=uio66_nh2_sonochemical_2023; page=6; table_or_figure=Figure 6 / text paragraph,digitized_figure,Candidate parsed value; needs final manual verification before moving to pdf_extracted_records.csv.
UiO-66-NH2,CO2,25,C,20,bar,18.05,mmol/g,10.1038/s41598-023-47221-6,2023,paper_uio66_nh2_sonochemical_2023,https://www.nature.com/articles/s41598-023-47221-6,pdf=uio66_nh2_sonochemical_2023; page=6; table_or_figure=Text paragraph; high-pressure result refers to Fig. S1,digitized_figure,"Candidate parsed value; source references supplementary Fig. S1, so verify against SI before final inclusion."
UiO-66-NH2,CO2,25,C,0.000,bar,0.000,mmol/g,10.1038/s41598-023-47221-6,2023,paper_uio66_nh2_sonochemical_2023,https://www.nature.com/articles/s41598-023-47221-6,Figure 6; series=CO2-Sonochemical-25C; synthesis_method=Sonochemical,digitized_figure,
UiO-66-NH2,CO2,25,C,0.125,bar,0.683,mmol/g,10.1038/s41598-023-47221-6,2023,paper_uio66_nh2_sonochemical_2023,https://www.nature.com/articles/s41598-023-47221-6,Figure 6; series=CO2-Sonochemical-25C; synthesis_method=Sonochemical,digitized_figure,
UiO-66-NH2,CO2,25,C,0.250,bar,1.214,mmol/g,10.1038/s41598-023-47221-6,2023,paper_uio66_nh2_sonochemical_2023,https://www.nature.com/articles/s41598-023-47221-6,Figure 6; series=CO2-Sonochemical-25C; synthesis_method=Sonochemical,digitized_figure,
UiO-66-NH2,CO2,25,C,0.375,bar,1.658,mmol/g,10.1038/s41598-023-47221-6,2023,paper_uio66_nh2_sonochemical_2023,https://www.nature.com/articles/s41598-023-47221-6,Figure 6; series=CO2-Sonochemical-25C; synthesis_method=Sonochemical,digitized_figure,
UiO-66-NH2,CO2,25,C,0.500,bar,2.048,mmol/g,10.1038/s41598-023-47221-6,2023,paper_uio66_nh2_sonochemical_2023,https://www.nature.com/articles/s41598-023-47221-6,Figure 6; series=CO2-Sonochemical-25C; synthesis_method=Sonochemical,digitized_figure,
UiO-66-NH2,CO2,25,C,0.625,bar,2.395,mmol/g,10.1038/s41598-023-47221-6,2023,paper_uio66_nh2_sonochemical_2023,https://www.nature.com/articles/s41598-023-47221-6,Figure 6; series=CO2-Sonochemical-25C; synthesis_method=Sonochemical,digitized_figure,
UiO-66-NH2,CO2,25,C,0.750,bar,2.698,mmol/g,10.1038/s41598-023-47221-6,2023,paper_uio66_nh2_sonochemical_2023,https://www.nature.com/articles/s41598-023-47221-6,Figure 6; series=CO2-Sonochemical-25C; synthesis_method=Sonochemical,digitized_figure,
UiO-66-NH2,CO2,25,C,0.875,bar,2.969,mmol/g,10.1038/s41598-023-47221-6,2023,paper_uio66_nh2_sonochemical_2023,https://www.nature.com/articles/s41598-023-47221-6,Figure 6; series=CO2-Sonochemical-25C; synthesis_method=Sonochemical,digitized_figure,
UiO-66-NH2,CO2,25,C,1.000,bar,3.207,mmol/g,10.1038/s41598-023-47221-6,2023,paper_uio66_nh2_sonochemical_2023,https://www.nature.com/articles/s41598-023-47221-6,Figure 6; series=CO2-Sonochemical-25C; synthesis_method=Sonochemical,digitized_figure,
UiO-66-NH2,CO2,25,C,0.000,bar,0.000,mmol/g,10.1038/s41598-023-47221-6,2023,paper_uio66_nh2_sonochemical_2023,https://www.nature.com/articles/s41598-023-47221-6,Figure 6; series=CO2-Solvothermal-25C; synthesis_method=Solvothermal,digitized_figure,
UiO-66-NH2,CO2,25,C,0.125,bar,0.433,mmol/g,10.1038/s41598-023-47221-6,2023,paper_uio66_nh2_sonochemical_2023,https://www.nature.com/articles/s41598-023-47221-6,Figure 6; series=CO2-Solvothermal-25C; synthesis_method=Solvothermal,digitized_figure,
UiO-66-NH2,CO2,25,C,0.250,bar,0.813,mmol/g,10.1038/s41598-023-47221-6,2023,paper_uio66_nh2_sonochemical_2023,https://www.nature.com/articles/s41598-023-47221-6,Figure 6; series=CO2-Solvothermal-25C; synthesis_method=Solvothermal,digitized_figure,
UiO-66-NH2,CO2,25,C,0.375,bar,1.138,mmol/g,10.1038/s41598-023-47221-6,2023,paper_uio66_nh2_sonochemical_2023,https://www.nature.com/articles/s41598-023-47221-6,Figure 6; series=CO2-Solvothermal-25C; synthesis_method=Solvothermal,digitized_figure,
UiO-66-NH2,CO2,25,C,0.500,bar,1.430,mmol/g,10.1038/s41598-023-47221-6,2023,paper_uio66_nh2_sonochemical_2023,https://www.nature.com/articles/s41598-023-47221-6,Figure 6; series=CO2-Solvothermal-25C; synthesis_method=Solvothermal,digitized_figure,
UiO-66-NH2,CO2,25,C,0.625,bar,1.680,mmol/g,10.1038/s41598-023-47221-6,2023,paper_uio66_nh2_sonochemical_2023,https://www.nature.com/articles/s41598-023-47221-6,Figure 6; series=CO2-Solvothermal-25C; synthesis_method=Solvothermal,digitized_figure,
UiO-66-NH2,CO2,25,C,0.750,bar,1.918,mmol/g,10.1038/s41598-023-47221-6,2023,paper_uio66_nh2_sonochemical_2023,https://www.nature.com/articles/s41598-023-47221-6,Figure 6; series=CO2-Solvothermal-25C; synthesis_method=Solvothermal,digitized_figure,
UiO-66-NH2,CO2,25,C,0.875,bar,2.124,mmol/g,10.1038/s41598-023-47221-6,2023,paper_uio66_nh2_sonochemical_2023,https://www.nature.com/articles/s41598-023-47221-6,Figure 6; series=CO2-Solvothermal-25C; synthesis_method=Solvothermal,digitized_figure,
UiO-66-NH2,CO2,25,C,1.000,bar,2.330,mmol/g,10.1038/s41598-023-47221-6,2023,paper_uio66_nh2_sonochemical_2023,https://www.nature.com/articles/s41598-023-47221-6,Figure 6; series=CO2-Solvothermal-25C; synthesis_method=Solvothermal,digitized_figure,
UiO-66-NH2,CO2,50,C,0.000,bar,0.000,mmol/g,10.1038/s41598-023-47221-6,2023,paper_uio66_nh2_sonochemical_2023,https://www.nature.com/articles/s41598-023-47221-6,Figure 6; series=CO2-Sonochemical-50C; synthesis_method=Sonochemical,digitized_figure,
UiO-66-NH2,CO2,50,C,0.125,bar,0.498,mmol/g,10.1038/s41598-023-47221-6,2023,paper_uio66_nh2_sonochemical_2023,https://www.nature.com/articles/s41598-023-47221-6,Figure 6; series=CO2-Sonochemical-50C; synthesis_method=Sonochemical,digitized_figure,
UiO-66-NH2,CO2,50,C,0.250,bar,1.008,mmol/g,10.1038/s41598-023-47221-6,2023,paper_uio66_nh2_sonochemical_2023,https://www.nature.com/articles/s41598-023-47221-6,Figure 6; series=CO2-Sonochemical-50C; synthesis_method=Sonochemical,digitized_figure,
UiO-66-NH2,CO2,50,C,0.375,bar,1.387,mmol/g,10.1038/s41598-023-47221-6,2023,paper_uio66_nh2_sonochemical_2023,https://www.nature.com/articles/s41598-023-47221-6,Figure 6; series=CO2-Sonochemical-50C; synthesis_method=Sonochemical,digitized_figure,
UiO-66-NH2,CO2,50,C,0.500,bar,1.810,mmol/g,10.1038/s41598-023-47221-6,2023,paper_uio66_nh2_sonochemical_2023,https://www.nature.com/articles/s41598-023-47221-6,Figure 6; series=CO2-Sonochemical-50C; synthesis_method=Sonochemical,digitized_figure,
UiO-66-NH2,CO2,50,C,0.625,bar,2.146,mmol/g,10.1038/s41598-023-47221-6,2023,paper_uio66_nh2_sonochemical_2023,https://www.nature.com/articles/s41598-023-47221-6,Figure 6; series=CO2-Sonochemical-50C; synthesis_method=Sonochemical,digitized_figure,
UiO-66-NH2,CO2,50,C,0.750,bar,2.460,mmol/g,10.1038/s41598-023-47221-6,2023,paper_uio66_nh2_sonochemical_2023,https://www.nature.com/articles/s41598-023-47221-6,Figure 6; series=CO2-Sonochemical-50C; synthesis_method=Sonochemical,digitized_figure,
UiO-66-NH2,CO2,50,C,0.875,bar,2.731,mmol/g,10.1038/s41598-023-47221-6,2023,paper_uio66_nh2_sonochemical_2023,https://www.nature.com/articles/s41598-023-47221-6,Figure 6; series=CO2-Sonochemical-50C; synthesis_method=Sonochemical,digitized_figure,
UiO-66-NH2,CO2,50,C,1.000,bar,3.002,mmol/g,10.1038/s41598-023-47221-6,2023,paper_uio66_nh2_sonochemical_2023,https://www.nature.com/articles/s41598-023-47221-6,Figure 6; series=CO2-Sonochemical-50C; synthesis_method=Sonochemical,digitized_figure,
UiO-66-NH2,CO2,50,C,0.000,bar,0.000,mmol/g,10.1038/s41598-023-47221-6,2023,paper_uio66_nh2_sonochemical_2023,https://www.nature.com/articles/s41598-023-47221-6,Figure 6; series=CO2-Solvothermal-50C; synthesis_method=Solvothermal,digitized_figure,
UiO-66-NH2,CO2,50,C,0.125,bar,0.347,mmol/g,10.1038/s41598-023-47221-6,2023,paper_uio66_nh2_sonochemical_2023,https://www.nature.com/articles/s41598-023-47221-6,Figure 6; series=CO2-Solvothermal-50C; synthesis_method=Solvothermal,digitized_figure,
UiO-66-NH2,CO2,50,C,0.250,bar,0.704,mmol/g,10.1038/s41598-023-47221-6,2023,paper_uio66_nh2_sonochemical_2023,https://www.nature.com/articles/s41598-023-47221-6,Figure 6; series=CO2-Solvothermal-50C; synthesis_method=Solvothermal,digitized_figure,
UiO-66-NH2,CO2,50,C,0.375,bar,1.019,mmol/g,10.1038/s41598-023-47221-6,2023,paper_uio66_nh2_sonochemical_2023,https://www.nature.com/articles/s41598-023-47221-6,Figure 6; series=CO2-Solvothermal-50C; synthesis_method=Solvothermal,digitized_figure,
UiO-66-NH2,CO2,50,C,0.500,bar,1.214,mmol/g,10.1038/s41598-023-47221-6,2023,paper_uio66_nh2_sonochemical_2023,https://www.nature.com/articles/s41598-023-47221-6,Figure 6; series=CO2-Solvothermal-50C; synthesis_method=Solvothermal,digitized_figure,
UiO-66-NH2,CO2,50,C,0.625,bar,1.474,mmol/g,10.1038/s41598-023-47221-6,2023,paper_uio66_nh2_sonochemical_2023,https://www.nature.com/articles/s41598-023-47221-6,Figure 6; series=CO2-Solvothermal-50C; synthesis_method=Solvothermal,digitized_figure,
UiO-66-NH2,CO2,50,C,0.750,bar,1.745,mmol/g,10.1038/s41598-023-47221-6,2023,paper_uio66_nh2_sonochemical_2023,https://www.nature.com/articles/s41598-023-47221-6,Figure 6; series=CO2-Solvothermal-50C; synthesis_method=Solvothermal,digitized_figure,
UiO-66-NH2,CO2,50,C,0.875,bar,1.983,mmol/g,10.1038/s41598-023-47221-6,2023,paper_uio66_nh2_sonochemical_2023,https://www.nature.com/articles/s41598-023-47221-6,Figure 6; series=CO2-Solvothermal-50C; synthesis_method=Solvothermal,digitized_figure,
UiO-66-NH2,CO2,50,C,1.000,bar,2.200,mmol/g,10.1038/s41598-023-47221-6,2023,paper_uio66_nh2_sonochemical_2023,https://www.nature.com/articles/s41598-023-47221-6,Figure 6; series=CO2-Solvothermal-50C; synthesis_method=Solvothermal,digitized_figure,
UiO-66-NH2,N2,25,C,0.000,bar,0.000,mmol/g,10.1038/s41598-023-47221-6,2023,paper_uio66_nh2_sonochemical_2023,https://www.nature.com/articles/s41598-023-47221-6,Figure 6; series=N2-Sonochemical-25C; synthesis_method=Sonochemical,digitized_figure,
UiO-66-NH2,N2,25,C,0.125,bar,,mmol/g,10.1038/s41598-023-47221-6,2023,paper_uio66_nh2_sonochemical_2023,https://www.nature.com/articles/s41598-023-47221-6,Figure 6; series=N2-Sonochemical-25C; synthesis_method=Sonochemical,digitized_figure,
UiO-66-NH2,N2,25,C,0.250,bar,,mmol/g,10.1038/s41598-023-47221-6,2023,paper_uio66_nh2_sonochemical_2023,https://www.nature.com/articles/s41598-023-47221-6,Figure 6; series=N2-Sonochemical-25C; synthesis_method=Sonochemical,digitized_figure,
UiO-66-NH2,N2,25,C,0.375,bar,,mmol/g,10.1038/s41598-023-47221-6,2023,paper_uio66_nh2_sonochemical_2023,https://www.nature.com/articles/s41598-023-47221-6,Figure 6; series=N2-Sonochemical-25C; synthesis_method=Sonochemical,digitized_figure,
UiO-66-NH2,N2,25,C,0.500,bar,,mmol/g,10.1038/s41598-023-47221-6,2023,paper_uio66_nh2_sonochemical_2023,https://www.nature.com/articles/s41598-023-47221-6,Figure 6; series=N2-Sonochemical-25C; synthesis_method=Sonochemical,digitized_figure,
UiO-66-NH2,N2,25,C,0.625,bar,0.130,mmol/g,10.1038/s41598-023-47221-6,2023,paper_uio66_nh2_sonochemical_2023,https://www.nature.com/articles/s41598-023-47221-6,Figure 6; series=N2-Sonochemical-25C; synthesis_method=Sonochemical,digitized_figure,
UiO-66-NH2,N2,25,C,0.750,bar,0.163,mmol/g,10.1038/s41598-023-47221-6,2023,paper_uio66_nh2_sonochemical_2023,https://www.nature.com/articles/s41598-023-47221-6,Figure 6; series=N2-Sonochemical-25C; synthesis_method=Sonochemical,digitized_figure,
UiO-66-NH2,N2,25,C,0.875,bar,0.184,mmol/g,10.1038/s41598-023-47221-6,2023,paper_uio66_nh2_sonochemical_2023,https://www.nature.com/articles/s41598-023-47221-6,Figure 6; series=N2-Sonochemical-25C; synthesis_method=Sonochemical,digitized_figure,
UiO-66-NH2,N2,25,C,1.000,bar,0.206,mmol/g,10.1038/s41598-023-47221-6,2023,paper_uio66_nh2_sonochemical_2023,https://www.nature.com/articles/s41598-023-47221-6,Figure 6; series=N2-Sonochemical-25C; synthesis_method=Sonochemical,digitized_figure,
UiO-66-NH2,N2,25,C,0.000,bar,0.000,mmol/g,10.1038/s41598-023-47221-6,2023,paper_uio66_nh2_sonochemical_2023,https://www.nature.com/articles/s41598-023-47221-6,Figure 6; series=N2-Solvothermal-25C; synthesis_method=Solvothermal,digitized_figure,
UiO-66-NH2,N2,25,C,0.125,bar,0.054,mmol/g,10.1038/s41598-023-47221-6,2023,paper_uio66_nh2_sonochemical_2023,https://www.nature.com/articles/s41598-023-47221-6,Figure 6; series=N2-Solvothermal-25C; synthesis_method=Solvothermal,digitized_figure,
UiO-66-NH2,N2,25,C,0.250,bar,0.087,mmol/g,10.1038/s41598-023-47221-6,2023,paper_uio66_nh2_sonochemical_2023,https://www.nature.com/articles/s41598-023-47221-6,Figure 6; series=N2-Solvothermal-25C; synthesis_method=Solvothermal,digitized_figure,
UiO-66-NH2,N2,25,C,0.375,bar,0.130,mmol/g,10.1038/s41598-023-47221-6,2023,paper_uio66_nh2_sonochemical_2023,https://www.nature.com/articles/s41598-023-47221-6,Figure 6; series=N2-Solvothermal-25C; synthesis_method=Solvothermal,digitized_figure,
UiO-66-NH2,N2,25,C,0.500,bar,0.163,mmol/g,10.1038/s41598-023-47221-6,2023,paper_uio66_nh2_sonochemical_2023,https://www.nature.com/articles/s41598-023-47221-6,Figure 6; series=N2-Solvothermal-25C; synthesis_method=Solvothermal,digitized_figure,
UiO-66-NH2,N2,25,C,0.625,bar,0.195,mmol/g,10.1038/s41598-023-47221-6,2023,paper_uio66_nh2_sonochemical_2023,https://www.nature.com/articles/s41598-023-47221-6,Figure 6; series=N2-Solvothermal-25C; synthesis_method=Solvothermal,digitized_figure,
UiO-66-NH2,N2,25,C,0.750,bar,0.228,mmol/g,10.1038/s41598-023-47221-6,2023,paper_uio66_nh2_sonochemical_2023,https://www.nature.com/articles/s41598-023-47221-6,Figure 6; series=N2-Solvothermal-25C; synthesis_method=Solvothermal,digitized_figure,
UiO-66-NH2,N2,25,C,0.875,bar,0.260,mmol/g,10.1038/s41598-023-47221-6,2023,paper_uio66_nh2_sonochemical_2023,https://www.nature.com/articles/s41598-023-47221-6,Figure 6; series=N2-Solvothermal-25C; synthesis_method=Solvothermal,digitized_figure,
UiO-66-NH2,N2,25,C,1.000,bar,0.293,mmol/g,10.1038/s41598-023-47221-6,2023,paper_uio66_nh2_sonochemical_2023,https://www.nature.com/articles/s41598-023-47221-6,Figure 6; series=N2-Solvothermal-25C; synthesis_method=Solvothermal,digitized_figure,
UiO-66-NH2,N2,50,C,0.000,bar,0.000,mmol/g,10.1038/s41598-023-47221-6,2023,paper_uio66_nh2_sonochemical_2023,https://www.nature.com/articles/s41598-023-47221-6,Figure 6; series=N2-Sonochemical-50C; synthesis_method=Sonochemical,digitized_figure,
UiO-66-NH2,N2,50,C,0.125,bar,,mmol/g,10.1038/s41598-023-47221-6,2023,paper_uio66_nh2_sonochemical_2023,https://www.nature.com/articles/s41598-023-47221-6,Figure 6; series=N2-Sonochemical-50C; synthesis_method=Sonochemical,digitized_figure,
UiO-66-NH2,N2,50,C,0.250,bar,0.033,mmol/g,10.1038/s41598-023-47221-6,2023,paper_uio66_nh2_sonochemical_2023,https://www.nature.com/articles/s41598-023-47221-6,Figure 6; series=N2-Sonochemical-50C; synthesis_method=Sonochemical,digitized_figure,
UiO-66-NH2,N2,50,C,0.375,bar,0.054,mmol/g,10.1038/s41598-023-47221-6,2023,paper_uio66_nh2_sonochemical_2023,https://www.nature.com/articles/s41598-023-47221-6,Figure 6; series=N2-Sonochemical-50C; synthesis_method=Sonochemical,digitized_figure,
UiO-66-NH2,N2,50,C,0.500,bar,0.076,mmol/g,10.1038/s41598-023-47221-6,2023,paper_uio66_nh2_sonochemical_2023,https://www.nature.com/articles/s41598-023-47221-6,Figure 6; series=N2-Sonochemical-50C; synthesis_method=Sonochemical,digitized_figure,
UiO-66-NH2,N2,50,C,0.625,bar,0.098,mmol/g,10.1038/s41598-023-47221-6,2023,paper_uio66_nh2_sonochemical_2023,https://www.nature.com/articles/s41598-023-47221-6,Figure 6; series=N2-Sonochemical-50C; synthesis_method=Sonochemical,digitized_figure,
UiO-66-NH2,N2,50,C,0.750,bar,0.119,mmol/g,10.1038/s41598-023-47221-6,2023,paper_uio66_nh2_sonochemical_2023,https://www.nature.com/articles/s41598-023-47221-6,Figure 6; series=N2-Sonochemical-50C; synthesis_method=Sonochemical,digitized_figure,
UiO-66-NH2,N2,50,C,0.875,bar,0.152,mmol/g,10.1038/s41598-023-47221-6,2023,paper_uio66_nh2_sonochemical_2023,https://www.nature.com/articles/s41598-023-47221-6,Figure 6; series=N2-Sonochemical-50C; synthesis_method=Sonochemical,digitized_figure,
UiO-66-NH2,N2,50,C,1.000,bar,0.173,mmol/g,10.1038/s41598-023-47221-6,2023,paper_uio66_nh2_sonochemical_2023,https://www.nature.com/articles/s41598-023-47221-6,Figure 6; series=N2-Sonochemical-50C; synthesis_method=Sonochemical,digitized_figure,
UiO-66-NH2,N2,50,C,0.000,bar,0.000,mmol/g,10.1038/s41598-023-47221-6,2023,paper_uio66_nh2_sonochemical_2023,https://www.nature.com/articles/s41598-023-47221-6,Figure 6; series=N2-Solvothermal-50C; synthesis_method=Solvothermal,digitized_figure,
UiO-66-NH2,N2,50,C,0.125,bar,0.043,mmol/g,10.1038/s41598-023-47221-6,2023,paper_uio66_nh2_sonochemical_2023,https://www.nature.com/articles/s41598-023-47221-6,Figure 6; series=N2-Solvothermal-50C; synthesis_method=Solvothermal,digitized_figure,
UiO-66-NH2,N2,50,C,0.250,bar,0.054,mmol/g,10.1038/s41598-023-47221-6,2023,paper_uio66_nh2_sonochemical_2023,https://www.nature.com/articles/s41598-023-47221-6,Figure 6; series=N2-Solvothermal-50C; synthesis_method=Solvothermal,digitized_figure,
UiO-66-NH2,N2,50,C,0.375,bar,0.087,mmol/g,10.1038/s41598-023-47221-6,2023,paper_uio66_nh2_sonochemical_2023,https://www.nature.com/articles/s41598-023-47221-6,Figure 6; series=N2-Solvothermal-50C; synthesis_method=Solvothermal,digitized_figure,
UiO-66-NH2,N2,50,C,0.500,bar,0.119,mmol/g,10.1038/s41598-023-47221-6,2023,paper_uio66_nh2_sonochemical_2023,https://www.nature.com/articles/s41598-023-47221-6,Figure 6; series=N2-Solvothermal-50C; synthesis_method=Solvothermal,digitized_figure,
UiO-66-NH2,N2,50,C,0.625,bar,0.152,mmol/g,10.1038/s41598-023-47221-6,2023,paper_uio66_nh2_sonochemical_2023,https://www.nature.com/articles/s41598-023-47221-6,Figure 6; series=N2-Solvothermal-50C; synthesis_method=Solvothermal,digitized_figure,
UiO-66-NH2,N2,50,C,0.750,bar,0.184,mmol/g,10.1038/s41598-023-47221-6,2023,paper_uio66_nh2_sonochemical_2023,https://www.nature.com/articles/s41598-023-47221-6,Figure 6; series=N2-Solvothermal-50C; synthesis_method=Solvothermal,digitized_figure,
UiO-66-NH2,N2,50,C,0.875,bar,0.217,mmol/g,10.1038/s41598-023-47221-6,2023,paper_uio66_nh2_sonochemical_2023,https://www.nature.com/articles/s41598-023-47221-6,Figure 6; series=N2-Solvothermal-50C; synthesis_method=Solvothermal,digitized_figure,
UiO-66-NH2,N2,50,C,1.000,bar,0.238,mmol/g,10.1038/s41598-023-47221-6,2023,paper_uio66_nh2_sonochemical_2023,https://www.nature.com/articles/s41598-023-47221-6,Figure 6; series=N2-Solvothermal-50C; synthesis_method=Solvothermal,digitized_figure,
Cu-BTC,H2,77,K,42,atm,2.81,wt%,10.1039/c3ee23421e,2013,paper_nanosized_cu_mofs_go_gas_storage,local PDF: Nanosized-Cu-MOFs-induced-by-graphene-oxide-and-enhanced-gas-storage-capacity.pdf,pdf=nanosized_cu_mofs_go_gas_storage; page=4; table_or_figure=Table 1,pdf_table,Table 1 extraction preview.
Cu-BTC,CO2,273,K,1,atm,6.39,mmol/g,10.1039/c3ee23421e,2013,paper_nanosized_cu_mofs_go_gas_storage,local PDF: Nanosized-Cu-MOFs-induced-by-graphene-oxide-and-enhanced-gas-storage-capacity.pdf,pdf=nanosized_cu_mofs_go_gas_storage; page=4; table_or_figure=Table 1,pdf_table,Table 1 extraction preview.
CG-3,H2,77,K,42,atm,3.05,wt%,10.1039/c3ee23421e,2013,paper_nanosized_cu_mofs_go_gas_storage,local PDF: Nanosized-Cu-MOFs-induced-by-graphene-oxide-and-enhanced-gas-storage-capacity.pdf,pdf=nanosized_cu_mofs_go_gas_storage; page=4; table_or_figure=Table 1,pdf_table,Table 1 extraction preview. 3 wt% GO composite
CG-3,CO2,273,K,1,atm,7.94,mmol/g,10.1039/c3ee23421e,2013,paper_nanosized_cu_mofs_go_gas_storage,local PDF: Nanosized-Cu-MOFs-induced-by-graphene-oxide-and-enhanced-gas-storage-capacity.pdf,pdf=nanosized_cu_mofs_go_gas_storage; page=4; table_or_figure=Table 1,pdf_table,Table 1 extraction preview. 3 wt% GO composite
CG-9,H2,77,K,42,atm,3.58,wt%,10.1039/c3ee23421e,2013,paper_nanosized_cu_mofs_go_gas_storage,local PDF: Nanosized-Cu-MOFs-induced-by-graphene-oxide-and-enhanced-gas-storage-capacity.pdf,pdf=nanosized_cu_mofs_go_gas_storage; page=4; table_or_figure=Table 1,pdf_table,Table 1 extraction preview. 9 wt% GO composite
CG-9,CO2,273,K,1,atm,8.26,mmol/g,10.1039/c3ee23421e,2013,paper_nanosized_cu_mofs_go_gas_storage,local PDF: Nanosized-Cu-MOFs-induced-by-graphene-oxide-and-enhanced-gas-storage-capacity.pdf,pdf=nanosized_cu_mofs_go_gas_storage; page=4; table_or_figure=Table 1,pdf_table,Table 1 extraction preview. 9 wt% GO composite
CG-15,H2,77,K,42,atm,1.42,wt%,10.1039/c3ee23421e,2013,paper_nanosized_cu_mofs_go_gas_storage,local PDF: Nanosized-Cu-MOFs-induced-by-graphene-oxide-and-enhanced-gas-storage-capacity.pdf,pdf=nanosized_cu_mofs_go_gas_storage; page=4; table_or_figure=Table 1,pdf_table,Table 1 extraction preview. 15 wt% GO composite
CG-15,CO2,273,K,1,atm,2.97,mmol/g,10.1039/c3ee23421e,2013,paper_nanosized_cu_mofs_go_gas_storage,local PDF: Nanosized-Cu-MOFs-induced-by-graphene-oxide-and-enhanced-gas-storage-capacity.pdf,pdf=nanosized_cu_mofs_go_gas_storage; page=4; table_or_figure=Table 1,pdf_table,Table 1 extraction preview. 15 wt% GO composite
NPF-200,H2,77,K,100,bar,65.7,mmol/g,10.1002/adma.201907995,2020,paper_nihms_1670563,local PDF: nihms-1670563.pdf,pdf=nihms_1670563; page=6; table_or_figure=Text paragraph / Figure 3b,digitized_figure,Text extraction preview; required MOF identity fields need verification before final dataset inclusion.
NPF-200,H2,77,K,100 to 5,bar,37.2,g/L,10.1002/adma.201907995,2020,paper_nihms_1670563,local PDF: nihms-1670563.pdf,pdf=nihms_1670563; page=6; table_or_figure=Text paragraph / Figure 3c,digitized_figure,"Working capacity over pressure swing, not a single pressure point; schema decision needed before final inclusion."
NPF-200,H2,77,K,100 to 5,bar,8.7,wt%,10.1002/adma.201907995,2020,paper_nihms_1670563,local PDF: nihms-1670563.pdf,pdf=nihms_1670563; page=6; table_or_figure=Text paragraph,pdf_preview,"Working capacity over pressure swing, not a single pressure point; schema decision needed before final inclusion."
Cu-BTC,CO2,273,K,0,atm,0,mmol/g,10.1039/c3ee23421e,2013,pdf_nanosized_cu_mofs_go_gas_storage,local PDF: Nanosized-Cu-MOFs-induced-by-graphene-oxide-and-enhanced-gas-storage-capacity.pdf,pdf=nanosized_cu_mofs_go_gas_storage; figure=Cu-MOF_GO_Fig6_CO2_273K,digitized_figure,Approximate visual digitization; 1 atm values anchored to Table 1.
Cu-BTC,CO2,273,K,0.1,atm,1.4,mmol/g,10.1039/c3ee23421e,2013,pdf_nanosized_cu_mofs_go_gas_storage,local PDF: Nanosized-Cu-MOFs-induced-by-graphene-oxide-and-enhanced-gas-storage-capacity.pdf,pdf=nanosized_cu_mofs_go_gas_storage; figure=Cu-MOF_GO_Fig6_CO2_273K,digitized_figure,Approximate visual digitization; 1 atm values anchored to Table 1.
Cu-BTC,CO2,273,K,0.2,atm,2.5,mmol/g,10.1039/c3ee23421e,2013,pdf_nanosized_cu_mofs_go_gas_storage,local PDF: Nanosized-Cu-MOFs-induced-by-graphene-oxide-and-enhanced-gas-storage-capacity.pdf,pdf=nanosized_cu_mofs_go_gas_storage; figure=Cu-MOF_GO_Fig6_CO2_273K,digitized_figure,Approximate visual digitization; 1 atm values anchored to Table 1.
Cu-BTC,CO2,273,K,0.3,atm,3.4,mmol/g,10.1039/c3ee23421e,2013,pdf_nanosized_cu_mofs_go_gas_storage,local PDF: Nanosized-Cu-MOFs-induced-by-graphene-oxide-and-enhanced-gas-storage-capacity.pdf,pdf=nanosized_cu_mofs_go_gas_storage; figure=Cu-MOF_GO_Fig6_CO2_273K,digitized_figure,Approximate visual digitization; 1 atm values anchored to Table 1.
Cu-BTC,CO2,273,K,0.4,atm,4.1,mmol/g,10.1039/c3ee23421e,2013,pdf_nanosized_cu_mofs_go_gas_storage,local PDF: Nanosized-Cu-MOFs-induced-by-graphene-oxide-and-enhanced-gas-storage-capacity.pdf,pdf=nanosized_cu_mofs_go_gas_storage; figure=Cu-MOF_GO_Fig6_CO2_273K,digitized_figure,Approximate visual digitization; 1 atm values anchored to Table 1.
Cu-BTC,CO2,273,K,0.5,atm,4.8,mmol/g,10.1039/c3ee23421e,2013,pdf_nanosized_cu_mofs_go_gas_storage,local PDF: Nanosized-Cu-MOFs-induced-by-graphene-oxide-and-enhanced-gas-storage-capacity.pdf,pdf=nanosized_cu_mofs_go_gas_storage; figure=Cu-MOF_GO_Fig6_CO2_273K,digitized_figure,Approximate visual digitization; 1 atm values anchored to Table 1.
Cu-BTC,CO2,273,K,0.6,atm,5.3,mmol/g,10.1039/c3ee23421e,2013,pdf_nanosized_cu_mofs_go_gas_storage,local PDF: Nanosized-Cu-MOFs-induced-by-graphene-oxide-and-enhanced-gas-storage-capacity.pdf,pdf=nanosized_cu_mofs_go_gas_storage; figure=Cu-MOF_GO_Fig6_CO2_273K,digitized_figure,Approximate visual digitization; 1 atm values anchored to Table 1.
Cu-BTC,CO2,273,K,0.7,atm,5.7,mmol/g,10.1039/c3ee23421e,2013,pdf_nanosized_cu_mofs_go_gas_storage,local PDF: Nanosized-Cu-MOFs-induced-by-graphene-oxide-and-enhanced-gas-storage-capacity.pdf,pdf=nanosized_cu_mofs_go_gas_storage; figure=Cu-MOF_GO_Fig6_CO2_273K,digitized_figure,Approximate visual digitization; 1 atm values anchored to Table 1.
Cu-BTC,CO2,273,K,0.8,atm,6.0,mmol/g,10.1039/c3ee23421e,2013,pdf_nanosized_cu_mofs_go_gas_storage,local PDF: Nanosized-Cu-MOFs-induced-by-graphene-oxide-and-enhanced-gas-storage-capacity.pdf,pdf=nanosized_cu_mofs_go_gas_storage; figure=Cu-MOF_GO_Fig6_CO2_273K,digitized_figure,Approximate visual digitization; 1 atm values anchored to Table 1.
Cu-BTC,CO2,273,K,0.9,atm,6.2,mmol/g,10.1039/c3ee23421e,2013,pdf_nanosized_cu_mofs_go_gas_storage,local PDF: Nanosized-Cu-MOFs-induced-by-graphene-oxide-and-enhanced-gas-storage-capacity.pdf,pdf=nanosized_cu_mofs_go_gas_storage; figure=Cu-MOF_GO_Fig6_CO2_273K,digitized_figure,Approximate visual digitization; 1 atm values anchored to Table 1.
Cu-BTC,CO2,273,K,1.0,atm,6.39,mmol/g,10.1039/c3ee23421e,2013,pdf_nanosized_cu_mofs_go_gas_storage,local PDF: Nanosized-Cu-MOFs-induced-by-graphene-oxide-and-enhanced-gas-storage-capacity.pdf,pdf=nanosized_cu_mofs_go_gas_storage; figure=Cu-MOF_GO_Fig6_CO2_273K,digitized_figure,Approximate visual digitization; 1 atm values anchored to Table 1.
CG-3,CO2,273,K,0,atm,0,mmol/g,10.1039/c3ee23421e,2013,pdf_nanosized_cu_mofs_go_gas_storage,local PDF: Nanosized-Cu-MOFs-induced-by-graphene-oxide-and-enhanced-gas-storage-capacity.pdf,pdf=nanosized_cu_mofs_go_gas_storage; figure=Cu-MOF_GO_Fig6_CO2_273K,digitized_figure,Approximate visual digitization; 1 atm values anchored to Table 1.
CG-3,CO2,273,K,0.1,atm,1.7,mmol/g,10.1039/c3ee23421e,2013,pdf_nanosized_cu_mofs_go_gas_storage,local PDF: Nanosized-Cu-MOFs-induced-by-graphene-oxide-and-enhanced-gas-storage-capacity.pdf,pdf=nanosized_cu_mofs_go_gas_storage; figure=Cu-MOF_GO_Fig6_CO2_273K,digitized_figure,Approximate visual digitization; 1 atm values anchored to Table 1.
CG-3,CO2,273,K,0.2,atm,2.9,mmol/g,10.1039/c3ee23421e,2013,pdf_nanosized_cu_mofs_go_gas_storage,local PDF: Nanosized-Cu-MOFs-induced-by-graphene-oxide-and-enhanced-gas-storage-capacity.pdf,pdf=nanosized_cu_mofs_go_gas_storage; figure=Cu-MOF_GO_Fig6_CO2_273K,digitized_figure,Approximate visual digitization; 1 atm values anchored to Table 1.
CG-3,CO2,273,K,0.3,atm,3.9,mmol/g,10.1039/c3ee23421e,2013,pdf_nanosized_cu_mofs_go_gas_storage,local PDF: Nanosized-Cu-MOFs-induced-by-graphene-oxide-and-enhanced-gas-storage-capacity.pdf,pdf=nanosized_cu_mofs_go_gas_storage; figure=Cu-MOF_GO_Fig6_CO2_273K,digitized_figure,Approximate visual digitization; 1 atm values anchored to Table 1.
CG-3,CO2,273,K,0.4,atm,4.8,mmol/g,10.1039/c3ee23421e,2013,pdf_nanosized_cu_mofs_go_gas_storage,local PDF: Nanosized-Cu-MOFs-induced-by-graphene-oxide-and-enhanced-gas-storage-capacity.pdf,pdf=nanosized_cu_mofs_go_gas_storage; figure=Cu-MOF_GO_Fig6_CO2_273K,digitized_figure,Approximate visual digitization; 1 atm values anchored to Table 1.
CG-3,CO2,273,K,0.5,atm,5.5,mmol/g,10.1039/c3ee23421e,2013,pdf_nanosized_cu_mofs_go_gas_storage,local PDF: Nanosized-Cu-MOFs-induced-by-graphene-oxide-and-enhanced-gas-storage-capacity.pdf,pdf=nanosized_cu_mofs_go_gas_storage; figure=Cu-MOF_GO_Fig6_CO2_273K,digitized_figure,Approximate visual digitization; 1 atm values anchored to Table 1.
CG-3,CO2,273,K,0.6,atm,6.1,mmol/g,10.1039/c3ee23421e,2013,pdf_nanosized_cu_mofs_go_gas_storage,local PDF: Nanosized-Cu-MOFs-induced-by-graphene-oxide-and-enhanced-gas-storage-capacity.pdf,pdf=nanosized_cu_mofs_go_gas_storage; figure=Cu-MOF_GO_Fig6_CO2_273K,digitized_figure,Approximate visual digitization; 1 atm values anchored to Table 1.
CG-3,CO2,273,K,0.7,atm,6.6,mmol/g,10.1039/c3ee23421e,2013,pdf_nanosized_cu_mofs_go_gas_storage,local PDF: Nanosized-Cu-MOFs-induced-by-graphene-oxide-and-enhanced-gas-storage-capacity.pdf,pdf=nanosized_cu_mofs_go_gas_storage; figure=Cu-MOF_GO_Fig6_CO2_273K,digitized_figure,Approximate visual digitization; 1 atm values anchored to Table 1.
CG-3,CO2,273,K,0.8,atm,7.1,mmol/g,10.1039/c3ee23421e,2013,pdf_nanosized_cu_mofs_go_gas_storage,local PDF: Nanosized-Cu-MOFs-induced-by-graphene-oxide-and-enhanced-gas-storage-capacity.pdf,pdf=nanosized_cu_mofs_go_gas_storage; figure=Cu-MOF_GO_Fig6_CO2_273K,digitized_figure,Approximate visual digitization; 1 atm values anchored to Table 1.
CG-3,CO2,273,K,0.9,atm,7.6,mmol/g,10.1039/c3ee23421e,2013,pdf_nanosized_cu_mofs_go_gas_storage,local PDF: Nanosized-Cu-MOFs-induced-by-graphene-oxide-and-enhanced-gas-storage-capacity.pdf,pdf=nanosized_cu_mofs_go_gas_storage; figure=Cu-MOF_GO_Fig6_CO2_273K,digitized_figure,Approximate visual digitization; 1 atm values anchored to Table 1.
CG-3,CO2,273,K,1.0,atm,7.94,mmol/g,10.1039/c3ee23421e,2013,pdf_nanosized_cu_mofs_go_gas_storage,local PDF: Nanosized-Cu-MOFs-induced-by-graphene-oxide-and-enhanced-gas-storage-capacity.pdf,pdf=nanosized_cu_mofs_go_gas_storage; figure=Cu-MOF_GO_Fig6_CO2_273K,digitized_figure,Approximate visual digitization; 1 atm values anchored to Table 1.
CG-9,CO2,273,K,0,atm,0,mmol/g,10.1039/c3ee23421e,2013,pdf_nanosized_cu_mofs_go_gas_storage,local PDF: Nanosized-Cu-MOFs-induced-by-graphene-oxide-and-enhanced-gas-storage-capacity.pdf,pdf=nanosized_cu_mofs_go_gas_storage; figure=Cu-MOF_GO_Fig6_CO2_273K,digitized_figure,Approximate visual digitization; 1 atm values anchored to Table 1.
CG-9,CO2,273,K,0.1,atm,1.9,mmol/g,10.1039/c3ee23421e,2013,pdf_nanosized_cu_mofs_go_gas_storage,local PDF: Nanosized-Cu-MOFs-induced-by-graphene-oxide-and-enhanced-gas-storage-capacity.pdf,pdf=nanosized_cu_mofs_go_gas_storage; figure=Cu-MOF_GO_Fig6_CO2_273K,digitized_figure,Approximate visual digitization; 1 atm values anchored to Table 1.
CG-9,CO2,273,K,0.2,atm,3.0,mmol/g,10.1039/c3ee23421e,2013,pdf_nanosized_cu_mofs_go_gas_storage,local PDF: Nanosized-Cu-MOFs-induced-by-graphene-oxide-and-enhanced-gas-storage-capacity.pdf,pdf=nanosized_cu_mofs_go_gas_storage; figure=Cu-MOF_GO_Fig6_CO2_273K,digitized_figure,Approximate visual digitization; 1 atm values anchored to Table 1.
CG-9,CO2,273,K,0.3,atm,4.1,mmol/g,10.1039/c3ee23421e,2013,pdf_nanosized_cu_mofs_go_gas_storage,local PDF: Nanosized-Cu-MOFs-induced-by-graphene-oxide-and-enhanced-gas-storage-capacity.pdf,pdf=nanosized_cu_mofs_go_gas_storage; figure=Cu-MOF_GO_Fig6_CO2_273K,digitized_figure,Approximate visual digitization; 1 atm values anchored to Table 1.
CG-9,CO2,273,K,0.4,atm,4.9,mmol/g,10.1039/c3ee23421e,2013,pdf_nanosized_cu_mofs_go_gas_storage,local PDF: Nanosized-Cu-MOFs-induced-by-graphene-oxide-and-enhanced-gas-storage-capacity.pdf,pdf=nanosized_cu_mofs_go_gas_storage; figure=Cu-MOF_GO_Fig6_CO2_273K,digitized_figure,Approximate visual digitization; 1 atm values anchored to Table 1.
CG-9,CO2,273,K,0.5,atm,5.6,mmol/g,10.1039/c3ee23421e,2013,pdf_nanosized_cu_mofs_go_gas_storage,local PDF: Nanosized-Cu-MOFs-induced-by-graphene-oxide-and-enhanced-gas-storage-capacity.pdf,pdf=nanosized_cu_mofs_go_gas_storage; figure=Cu-MOF_GO_Fig6_CO2_273K,digitized_figure,Approximate visual digitization; 1 atm values anchored to Table 1.
CG-9,CO2,273,K,0.6,atm,6.2,mmol/g,10.1039/c3ee23421e,2013,pdf_nanosized_cu_mofs_go_gas_storage,local PDF: Nanosized-Cu-MOFs-induced-by-graphene-oxide-and-enhanced-gas-storage-capacity.pdf,pdf=nanosized_cu_mofs_go_gas_storage; figure=Cu-MOF_GO_Fig6_CO2_273K,digitized_figure,Approximate visual digitization; 1 atm values anchored to Table 1.
CG-9,CO2,273,K,0.7,atm,6.8,mmol/g,10.1039/c3ee23421e,2013,pdf_nanosized_cu_mofs_go_gas_storage,local PDF: Nanosized-Cu-MOFs-induced-by-graphene-oxide-and-enhanced-gas-storage-capacity.pdf,pdf=nanosized_cu_mofs_go_gas_storage; figure=Cu-MOF_GO_Fig6_CO2_273K,digitized_figure,Approximate visual digitization; 1 atm values anchored to Table 1.
CG-9,CO2,273,K,0.8,atm,7.3,mmol/g,10.1039/c3ee23421e,2013,pdf_nanosized_cu_mofs_go_gas_storage,local PDF: Nanosized-Cu-MOFs-induced-by-graphene-oxide-and-enhanced-gas-storage-capacity.pdf,pdf=nanosized_cu_mofs_go_gas_storage; figure=Cu-MOF_GO_Fig6_CO2_273K,digitized_figure,Approximate visual digitization; 1 atm values anchored to Table 1.
CG-9,CO2,273,K,0.9,atm,7.8,mmol/g,10.1039/c3ee23421e,2013,pdf_nanosized_cu_mofs_go_gas_storage,local PDF: Nanosized-Cu-MOFs-induced-by-graphene-oxide-and-enhanced-gas-storage-capacity.pdf,pdf=nanosized_cu_mofs_go_gas_storage; figure=Cu-MOF_GO_Fig6_CO2_273K,digitized_figure,Approximate visual digitization; 1 atm values anchored to Table 1.
CG-9,CO2,273,K,1.0,atm,8.26,mmol/g,10.1039/c3ee23421e,2013,pdf_nanosized_cu_mofs_go_gas_storage,local PDF: Nanosized-Cu-MOFs-induced-by-graphene-oxide-and-enhanced-gas-storage-capacity.pdf,pdf=nanosized_cu_mofs_go_gas_storage; figure=Cu-MOF_GO_Fig6_CO2_273K,digitized_figure,Approximate visual digitization; 1 atm values anchored to Table 1.
CG-15,CO2,273,K,0,atm,0,mmol/g,10.1039/c3ee23421e,2013,pdf_nanosized_cu_mofs_go_gas_storage,local PDF: Nanosized-Cu-MOFs-induced-by-graphene-oxide-and-enhanced-gas-storage-capacity.pdf,pdf=nanosized_cu_mofs_go_gas_storage; figure=Cu-MOF_GO_Fig6_CO2_273K,digitized_figure,Approximate visual digitization; 1 atm values anchored to Table 1.
CG-15,CO2,273,K,0.1,atm,1.1,mmol/g,10.1039/c3ee23421e,2013,pdf_nanosized_cu_mofs_go_gas_storage,local PDF: Nanosized-Cu-MOFs-induced-by-graphene-oxide-and-enhanced-gas-storage-capacity.pdf,pdf=nanosized_cu_mofs_go_gas_storage; figure=Cu-MOF_GO_Fig6_CO2_273K,digitized_figure,Approximate visual digitization; 1 atm values anchored to Table 1.
CG-15,CO2,273,K,0.2,atm,1.5,mmol/g,10.1039/c3ee23421e,2013,pdf_nanosized_cu_mofs_go_gas_storage,local PDF: Nanosized-Cu-MOFs-induced-by-graphene-oxide-and-enhanced-gas-storage-capacity.pdf,pdf=nanosized_cu_mofs_go_gas_storage; figure=Cu-MOF_GO_Fig6_CO2_273K,digitized_figure,Approximate visual digitization; 1 atm values anchored to Table 1.
CG-15,CO2,273,K,0.3,atm,1.8,mmol/g,10.1039/c3ee23421e,2013,pdf_nanosized_cu_mofs_go_gas_storage,local PDF: Nanosized-Cu-MOFs-induced-by-graphene-oxide-and-enhanced-gas-storage-capacity.pdf,pdf=nanosized_cu_mofs_go_gas_storage; figure=Cu-MOF_GO_Fig6_CO2_273K,digitized_figure,Approximate visual digitization; 1 atm values anchored to Table 1.
CG-15,CO2,273,K,0.4,atm,2.0,mmol/g,10.1039/c3ee23421e,2013,pdf_nanosized_cu_mofs_go_gas_storage,local PDF: Nanosized-Cu-MOFs-induced-by-graphene-oxide-and-enhanced-gas-storage-capacity.pdf,pdf=nanosized_cu_mofs_go_gas_storage; figure=Cu-MOF_GO_Fig6_CO2_273K,digitized_figure,Approximate visual digitization; 1 atm values anchored to Table 1.
CG-15,CO2,273,K,0.5,atm,2.25,mmol/g,10.1039/c3ee23421e,2013,pdf_nanosized_cu_mofs_go_gas_storage,local PDF: Nanosized-Cu-MOFs-induced-by-graphene-oxide-and-enhanced-gas-storage-capacity.pdf,pdf=nanosized_cu_mofs_go_gas_storage; figure=Cu-MOF_GO_Fig6_CO2_273K,digitized_figure,Approximate visual digitization; 1 atm values anchored to Table 1.
CG-15,CO2,273,K,0.6,atm,2.4,mmol/g,10.1039/c3ee23421e,2013,pdf_nanosized_cu_mofs_go_gas_storage,local PDF: Nanosized-Cu-MOFs-induced-by-graphene-oxide-and-enhanced-gas-storage-capacity.pdf,pdf=nanosized_cu_mofs_go_gas_storage; figure=Cu-MOF_GO_Fig6_CO2_273K,digitized_figure,Approximate visual digitization; 1 atm values anchored to Table 1.
CG-15,CO2,273,K,0.7,atm,2.55,mmol/g,10.1039/c3ee23421e,2013,pdf_nanosized_cu_mofs_go_gas_storage,local PDF: Nanosized-Cu-MOFs-induced-by-graphene-oxide-and-enhanced-gas-storage-capacity.pdf,pdf=nanosized_cu_mofs_go_gas_storage; figure=Cu-MOF_GO_Fig6_CO2_273K,digitized_figure,Approximate visual digitization; 1 atm values anchored to Table 1.
CG-15,CO2,273,K,0.8,atm,2.7,mmol/g,10.1039/c3ee23421e,2013,pdf_nanosized_cu_mofs_go_gas_storage,local PDF: Nanosized-Cu-MOFs-induced-by-graphene-oxide-and-enhanced-gas-storage-capacity.pdf,pdf=nanosized_cu_mofs_go_gas_storage; figure=Cu-MOF_GO_Fig6_CO2_273K,digitized_figure,Approximate visual digitization; 1 atm values anchored to Table 1.
CG-15,CO2,273,K,0.9,atm,2.85,mmol/g,10.1039/c3ee23421e,2013,pdf_nanosized_cu_mofs_go_gas_storage,local PDF: Nanosized-Cu-MOFs-induced-by-graphene-oxide-and-enhanced-gas-storage-capacity.pdf,pdf=nanosized_cu_mofs_go_gas_storage; figure=Cu-MOF_GO_Fig6_CO2_273K,digitized_figure,Approximate visual digitization; 1 atm values anchored to Table 1.
CG-15,CO2,273,K,1.0,atm,2.97,mmol/g,10.1039/c3ee23421e,2013,pdf_nanosized_cu_mofs_go_gas_storage,local PDF: Nanosized-Cu-MOFs-induced-by-graphene-oxide-and-enhanced-gas-storage-capacity.pdf,pdf=nanosized_cu_mofs_go_gas_storage; figure=Cu-MOF_GO_Fig6_CO2_273K,digitized_figure,Approximate visual digitization; 1 atm values anchored to Table 1.
Cu-BTC,H2,77,K,0,atm,0,wt%,10.1039/c3ee23421e,2013,pdf_nanosized_cu_mofs_go_gas_storage,local PDF: Nanosized-Cu-MOFs-induced-by-graphene-oxide-and-enhanced-gas-storage-capacity.pdf,pdf=nanosized_cu_mofs_go_gas_storage; figure=Cu-MOF_GO_Fig7_H2_77K,digitized_figure,Approximate visual digitization; 42 atm values anchored to Table 1.
Cu-BTC,H2,77,K,1,atm,1.5,wt%,10.1039/c3ee23421e,2013,pdf_nanosized_cu_mofs_go_gas_storage,local PDF: Nanosized-Cu-MOFs-induced-by-graphene-oxide-and-enhanced-gas-storage-capacity.pdf,pdf=nanosized_cu_mofs_go_gas_storage; figure=Cu-MOF_GO_Fig7_H2_77K,digitized_figure,Approximate visual digitization; 42 atm values anchored to Table 1.
Cu-BTC,H2,77,K,2,atm,2.0,wt%,10.1039/c3ee23421e,2013,pdf_nanosized_cu_mofs_go_gas_storage,local PDF: Nanosized-Cu-MOFs-induced-by-graphene-oxide-and-enhanced-gas-storage-capacity.pdf,pdf=nanosized_cu_mofs_go_gas_storage; figure=Cu-MOF_GO_Fig7_H2_77K,digitized_figure,Approximate visual digitization; 42 atm values anchored to Table 1.
Cu-BTC,H2,77,K,5,atm,2.45,wt%,10.1039/c3ee23421e,2013,pdf_nanosized_cu_mofs_go_gas_storage,local PDF: Nanosized-Cu-MOFs-induced-by-graphene-oxide-and-enhanced-gas-storage-capacity.pdf,pdf=nanosized_cu_mofs_go_gas_storage; figure=Cu-MOF_GO_Fig7_H2_77K,digitized_figure,Approximate visual digitization; 42 atm values anchored to Table 1.
Cu-BTC,H2,77,K,10,atm,2.7,wt%,10.1039/c3ee23421e,2013,pdf_nanosized_cu_mofs_go_gas_storage,local PDF: Nanosized-Cu-MOFs-induced-by-graphene-oxide-and-enhanced-gas-storage-capacity.pdf,pdf=nanosized_cu_mofs_go_gas_storage; figure=Cu-MOF_GO_Fig7_H2_77K,digitized_figure,Approximate visual digitization; 42 atm values anchored to Table 1.
Cu-BTC,H2,77,K,20,atm,2.85,wt%,10.1039/c3ee23421e,2013,pdf_nanosized_cu_mofs_go_gas_storage,local PDF: Nanosized-Cu-MOFs-induced-by-graphene-oxide-and-enhanced-gas-storage-capacity.pdf,pdf=nanosized_cu_mofs_go_gas_storage; figure=Cu-MOF_GO_Fig7_H2_77K,digitized_figure,Approximate visual digitization; 42 atm values anchored to Table 1.
Cu-BTC,H2,77,K,30,atm,2.85,wt%,10.1039/c3ee23421e,2013,pdf_nanosized_cu_mofs_go_gas_storage,local PDF: Nanosized-Cu-MOFs-induced-by-graphene-oxide-and-enhanced-gas-storage-capacity.pdf,pdf=nanosized_cu_mofs_go_gas_storage; figure=Cu-MOF_GO_Fig7_H2_77K,digitized_figure,Approximate visual digitization; 42 atm values anchored to Table 1.
Cu-BTC,H2,77,K,42,atm,2.81,wt%,10.1039/c3ee23421e,2013,pdf_nanosized_cu_mofs_go_gas_storage,local PDF: Nanosized-Cu-MOFs-induced-by-graphene-oxide-and-enhanced-gas-storage-capacity.pdf,pdf=nanosized_cu_mofs_go_gas_storage; figure=Cu-MOF_GO_Fig7_H2_77K,digitized_figure,Approximate visual digitization; 42 atm values anchored to Table 1.
CG-3,H2,77,K,0,atm,0,wt%,10.1039/c3ee23421e,2013,pdf_nanosized_cu_mofs_go_gas_storage,local PDF: Nanosized-Cu-MOFs-induced-by-graphene-oxide-and-enhanced-gas-storage-capacity.pdf,pdf=nanosized_cu_mofs_go_gas_storage; figure=Cu-MOF_GO_Fig7_H2_77K,digitized_figure,Approximate visual digitization; 42 atm values anchored to Table 1.
CG-3,H2,77,K,1,atm,1.7,wt%,10.1039/c3ee23421e,2013,pdf_nanosized_cu_mofs_go_gas_storage,local PDF: Nanosized-Cu-MOFs-induced-by-graphene-oxide-and-enhanced-gas-storage-capacity.pdf,pdf=nanosized_cu_mofs_go_gas_storage; figure=Cu-MOF_GO_Fig7_H2_77K,digitized_figure,Approximate visual digitization; 42 atm values anchored to Table 1.
CG-3,H2,77,K,2,atm,2.25,wt%,10.1039/c3ee23421e,2013,pdf_nanosized_cu_mofs_go_gas_storage,local PDF: Nanosized-Cu-MOFs-induced-by-graphene-oxide-and-enhanced-gas-storage-capacity.pdf,pdf=nanosized_cu_mofs_go_gas_storage; figure=Cu-MOF_GO_Fig7_H2_77K,digitized_figure,Approximate visual digitization; 42 atm values anchored to Table 1.
CG-3,H2,77,K,5,atm,2.7,wt%,10.1039/c3ee23421e,2013,pdf_nanosized_cu_mofs_go_gas_storage,local PDF: Nanosized-Cu-MOFs-induced-by-graphene-oxide-and-enhanced-gas-storage-capacity.pdf,pdf=nanosized_cu_mofs_go_gas_storage; figure=Cu-MOF_GO_Fig7_H2_77K,digitized_figure,Approximate visual digitization; 42 atm values anchored to Table 1.
CG-3,H2,77,K,10,atm,2.95,wt%,10.1039/c3ee23421e,2013,pdf_nanosized_cu_mofs_go_gas_storage,local PDF: Nanosized-Cu-MOFs-induced-by-graphene-oxide-and-enhanced-gas-storage-capacity.pdf,pdf=nanosized_cu_mofs_go_gas_storage; figure=Cu-MOF_GO_Fig7_H2_77K,digitized_figure,Approximate visual digitization; 42 atm values anchored to Table 1.
CG-3,H2,77,K,20,atm,3.1,wt%,10.1039/c3ee23421e,2013,pdf_nanosized_cu_mofs_go_gas_storage,local PDF: Nanosized-Cu-MOFs-induced-by-graphene-oxide-and-enhanced-gas-storage-capacity.pdf,pdf=nanosized_cu_mofs_go_gas_storage; figure=Cu-MOF_GO_Fig7_H2_77K,digitized_figure,Approximate visual digitization; 42 atm values anchored to Table 1.
CG-3,H2,77,K,30,atm,3.1,wt%,10.1039/c3ee23421e,2013,pdf_nanosized_cu_mofs_go_gas_storage,local PDF: Nanosized-Cu-MOFs-induced-by-graphene-oxide-and-enhanced-gas-storage-capacity.pdf,pdf=nanosized_cu_mofs_go_gas_storage; figure=Cu-MOF_GO_Fig7_H2_77K,digitized_figure,Approximate visual digitization; 42 atm values anchored to Table 1.
CG-3,H2,77,K,42,atm,3.05,wt%,10.1039/c3ee23421e,2013,pdf_nanosized_cu_mofs_go_gas_storage,local PDF: Nanosized-Cu-MOFs-induced-by-graphene-oxide-and-enhanced-gas-storage-capacity.pdf,pdf=nanosized_cu_mofs_go_gas_storage; figure=Cu-MOF_GO_Fig7_H2_77K,digitized_figure,Approximate visual digitization; 42 atm values anchored to Table 1.
CG-9,H2,77,K,0,atm,0,wt%,10.1039/c3ee23421e,2013,pdf_nanosized_cu_mofs_go_gas_storage,local PDF: Nanosized-Cu-MOFs-induced-by-graphene-oxide-and-enhanced-gas-storage-capacity.pdf,pdf=nanosized_cu_mofs_go_gas_storage; figure=Cu-MOF_GO_Fig7_H2_77K,digitized_figure,Approximate visual digitization; 42 atm values anchored to Table 1.
CG-9,H2,77,K,1,atm,2.0,wt%,10.1039/c3ee23421e,2013,pdf_nanosized_cu_mofs_go_gas_storage,local PDF: Nanosized-Cu-MOFs-induced-by-graphene-oxide-and-enhanced-gas-storage-capacity.pdf,pdf=nanosized_cu_mofs_go_gas_storage; figure=Cu-MOF_GO_Fig7_H2_77K,digitized_figure,Approximate visual digitization; 42 atm values anchored to Table 1.
CG-9,H2,77,K,2,atm,2.55,wt%,10.1039/c3ee23421e,2013,pdf_nanosized_cu_mofs_go_gas_storage,local PDF: Nanosized-Cu-MOFs-induced-by-graphene-oxide-and-enhanced-gas-storage-capacity.pdf,pdf=nanosized_cu_mofs_go_gas_storage; figure=Cu-MOF_GO_Fig7_H2_77K,digitized_figure,Approximate visual digitization; 42 atm values anchored to Table 1.
CG-9,H2,77,K,5,atm,3.05,wt%,10.1039/c3ee23421e,2013,pdf_nanosized_cu_mofs_go_gas_storage,local PDF: Nanosized-Cu-MOFs-induced-by-graphene-oxide-and-enhanced-gas-storage-capacity.pdf,pdf=nanosized_cu_mofs_go_gas_storage; figure=Cu-MOF_GO_Fig7_H2_77K,digitized_figure,Approximate visual digitization; 42 atm values anchored to Table 1.
CG-9,H2,77,K,10,atm,3.35,wt%,10.1039/c3ee23421e,2013,pdf_nanosized_cu_mofs_go_gas_storage,local PDF: Nanosized-Cu-MOFs-induced-by-graphene-oxide-and-enhanced-gas-storage-capacity.pdf,pdf=nanosized_cu_mofs_go_gas_storage; figure=Cu-MOF_GO_Fig7_H2_77K,digitized_figure,Approximate visual digitization; 42 atm values anchored to Table 1.
CG-9,H2,77,K,20,atm,3.55,wt%,10.1039/c3ee23421e,2013,pdf_nanosized_cu_mofs_go_gas_storage,local PDF: Nanosized-Cu-MOFs-induced-by-graphene-oxide-and-enhanced-gas-storage-capacity.pdf,pdf=nanosized_cu_mofs_go_gas_storage; figure=Cu-MOF_GO_Fig7_H2_77K,digitized_figure,Approximate visual digitization; 42 atm values anchored to Table 1.
CG-9,H2,77,K,30,atm,3.6,wt%,10.1039/c3ee23421e,2013,pdf_nanosized_cu_mofs_go_gas_storage,local PDF: Nanosized-Cu-MOFs-induced-by-graphene-oxide-and-enhanced-gas-storage-capacity.pdf,pdf=nanosized_cu_mofs_go_gas_storage; figure=Cu-MOF_GO_Fig7_H2_77K,digitized_figure,Approximate visual digitization; 42 atm values anchored to Table 1.
CG-9,H2,77,K,42,atm,3.58,wt%,10.1039/c3ee23421e,2013,pdf_nanosized_cu_mofs_go_gas_storage,local PDF: Nanosized-Cu-MOFs-induced-by-graphene-oxide-and-enhanced-gas-storage-capacity.pdf,pdf=nanosized_cu_mofs_go_gas_storage; figure=Cu-MOF_GO_Fig7_H2_77K,digitized_figure,Approximate visual digitization; 42 atm values anchored to Table 1.
CG-15,H2,77,K,0,atm,0,wt%,10.1039/c3ee23421e,2013,pdf_nanosized_cu_mofs_go_gas_storage,local PDF: Nanosized-Cu-MOFs-induced-by-graphene-oxide-and-enhanced-gas-storage-capacity.pdf,pdf=nanosized_cu_mofs_go_gas_storage; figure=Cu-MOF_GO_Fig7_H2_77K,digitized_figure,Approximate visual digitization; 42 atm values anchored to Table 1.
CG-15,H2,77,K,1,atm,0.75,wt%,10.1039/c3ee23421e,2013,pdf_nanosized_cu_mofs_go_gas_storage,local PDF: Nanosized-Cu-MOFs-induced-by-graphene-oxide-and-enhanced-gas-storage-capacity.pdf,pdf=nanosized_cu_mofs_go_gas_storage; figure=Cu-MOF_GO_Fig7_H2_77K,digitized_figure,Approximate visual digitization; 42 atm values anchored to Table 1.
CG-15,H2,77,K,2,atm,0.95,wt%,10.1039/c3ee23421e,2013,pdf_nanosized_cu_mofs_go_gas_storage,local PDF: Nanosized-Cu-MOFs-induced-by-graphene-oxide-and-enhanced-gas-storage-capacity.pdf,pdf=nanosized_cu_mofs_go_gas_storage; figure=Cu-MOF_GO_Fig7_H2_77K,digitized_figure,Approximate visual digitization; 42 atm values anchored to Table 1.
CG-15,H2,77,K,5,atm,1.15,wt%,10.1039/c3ee23421e,2013,pdf_nanosized_cu_mofs_go_gas_storage,local PDF: Nanosized-Cu-MOFs-induced-by-graphene-oxide-and-enhanced-gas-storage-capacity.pdf,pdf=nanosized_cu_mofs_go_gas_storage; figure=Cu-MOF_GO_Fig7_H2_77K,digitized_figure,Approximate visual digitization; 42 atm values anchored to Table 1.
CG-15,H2,77,K,10,atm,1.25,wt%,10.1039/c3ee23421e,2013,pdf_nanosized_cu_mofs_go_gas_storage,local PDF: Nanosized-Cu-MOFs-induced-by-graphene-oxide-and-enhanced-gas-storage-capacity.pdf,pdf=nanosized_cu_mofs_go_gas_storage; figure=Cu-MOF_GO_Fig7_H2_77K,digitized_figure,Approximate visual digitization; 42 atm values anchored to Table 1.
CG-15,H2,77,K,20,atm,1.35,wt%,10.1039/c3ee23421e,2013,pdf_nanosized_cu_mofs_go_gas_storage,local PDF: Nanosized-Cu-MOFs-induced-by-graphene-oxide-and-enhanced-gas-storage-capacity.pdf,pdf=nanosized_cu_mofs_go_gas_storage; figure=Cu-MOF_GO_Fig7_H2_77K,digitized_figure,Approximate visual digitization; 42 atm values anchored to Table 1.
CG-15,H2,77,K,30,atm,1.4,wt%,10.1039/c3ee23421e,2013,pdf_nanosized_cu_mofs_go_gas_storage,local PDF: Nanosized-Cu-MOFs-induced-by-graphene-oxide-and-enhanced-gas-storage-capacity.pdf,pdf=nanosized_cu_mofs_go_gas_storage; figure=Cu-MOF_GO_Fig7_H2_77K,digitized_figure,Approximate visual digitization; 42 atm values anchored to Table 1.
CG-15,H2,77,K,42,atm,1.42,wt%,10.1039/c3ee23421e,2013,pdf_nanosized_cu_mofs_go_gas_storage,local PDF: Nanosized-Cu-MOFs-induced-by-graphene-oxide-and-enhanced-gas-storage-capacity.pdf,pdf=nanosized_cu_mofs_go_gas_storage; figure=Cu-MOF_GO_Fig7_H2_77K,digitized_figure,Approximate visual digitization; 42 atm values anchored to Table 1.
CG-9,CO2,273,K,0,atm,0,mmol/g,10.1039/c3ee23421e,2013,pdf_nanosized_cu_mofs_go_gas_storage,local PDF: Nanosized-Cu-MOFs-induced-by-graphene-oxide-and-enhanced-gas-storage-capacity.pdf,pdf=nanosized_cu_mofs_go_gas_storage; figure=Cu-MOF_GO_Fig8_CG9_273K,digitized_figure,Approximate visual digitization from Fig. 8; CO2 endpoint consistent with Table 1.
CG-9,CO2,273,K,0.1,atm,1.5,mmol/g,10.1039/c3ee23421e,2013,pdf_nanosized_cu_mofs_go_gas_storage,local PDF: Nanosized-Cu-MOFs-induced-by-graphene-oxide-and-enhanced-gas-storage-capacity.pdf,pdf=nanosized_cu_mofs_go_gas_storage; figure=Cu-MOF_GO_Fig8_CG9_273K,digitized_figure,Approximate visual digitization from Fig. 8; CO2 endpoint consistent with Table 1.
CG-9,CO2,273,K,0.2,atm,2.8,mmol/g,10.1039/c3ee23421e,2013,pdf_nanosized_cu_mofs_go_gas_storage,local PDF: Nanosized-Cu-MOFs-induced-by-graphene-oxide-and-enhanced-gas-storage-capacity.pdf,pdf=nanosized_cu_mofs_go_gas_storage; figure=Cu-MOF_GO_Fig8_CG9_273K,digitized_figure,Approximate visual digitization from Fig. 8; CO2 endpoint consistent with Table 1.
CG-9,CO2,273,K,0.3,atm,3.9,mmol/g,10.1039/c3ee23421e,2013,pdf_nanosized_cu_mofs_go_gas_storage,local PDF: Nanosized-Cu-MOFs-induced-by-graphene-oxide-and-enhanced-gas-storage-capacity.pdf,pdf=nanosized_cu_mofs_go_gas_storage; figure=Cu-MOF_GO_Fig8_CG9_273K,digitized_figure,Approximate visual digitization from Fig. 8; CO2 endpoint consistent with Table 1.
CG-9,CO2,273,K,0.4,atm,4.8,mmol/g,10.1039/c3ee23421e,2013,pdf_nanosized_cu_mofs_go_gas_storage,local PDF: Nanosized-Cu-MOFs-induced-by-graphene-oxide-and-enhanced-gas-storage-capacity.pdf,pdf=nanosized_cu_mofs_go_gas_storage; figure=Cu-MOF_GO_Fig8_CG9_273K,digitized_figure,Approximate visual digitization from Fig. 8; CO2 endpoint consistent with Table 1.
CG-9,CO2,273,K,0.5,atm,5.5,mmol/g,10.1039/c3ee23421e,2013,pdf_nanosized_cu_mofs_go_gas_storage,local PDF: Nanosized-Cu-MOFs-induced-by-graphene-oxide-and-enhanced-gas-storage-capacity.pdf,pdf=nanosized_cu_mofs_go_gas_storage; figure=Cu-MOF_GO_Fig8_CG9_273K,digitized_figure,Approximate visual digitization from Fig. 8; CO2 endpoint consistent with Table 1.
CG-9,CO2,273,K,0.6,atm,6.2,mmol/g,10.1039/c3ee23421e,2013,pdf_nanosized_cu_mofs_go_gas_storage,local PDF: Nanosized-Cu-MOFs-induced-by-graphene-oxide-and-enhanced-gas-storage-capacity.pdf,pdf=nanosized_cu_mofs_go_gas_storage; figure=Cu-MOF_GO_Fig8_CG9_273K,digitized_figure,Approximate visual digitization from Fig. 8; CO2 endpoint consistent with Table 1.
CG-9,CO2,273,K,0.7,atm,6.8,mmol/g,10.1039/c3ee23421e,2013,pdf_nanosized_cu_mofs_go_gas_storage,local PDF: Nanosized-Cu-MOFs-induced-by-graphene-oxide-and-enhanced-gas-storage-capacity.pdf,pdf=nanosized_cu_mofs_go_gas_storage; figure=Cu-MOF_GO_Fig8_CG9_273K,digitized_figure,Approximate visual digitization from Fig. 8; CO2 endpoint consistent with Table 1.
CG-9,CO2,273,K,0.8,atm,7.3,mmol/g,10.1039/c3ee23421e,2013,pdf_nanosized_cu_mofs_go_gas_storage,local PDF: Nanosized-Cu-MOFs-induced-by-graphene-oxide-and-enhanced-gas-storage-capacity.pdf,pdf=nanosized_cu_mofs_go_gas_storage; figure=Cu-MOF_GO_Fig8_CG9_273K,digitized_figure,Approximate visual digitization from Fig. 8; CO2 endpoint consistent with Table 1.
CG-9,CO2,273,K,0.9,atm,7.8,mmol/g,10.1039/c3ee23421e,2013,pdf_nanosized_cu_mofs_go_gas_storage,local PDF: Nanosized-Cu-MOFs-induced-by-graphene-oxide-and-enhanced-gas-storage-capacity.pdf,pdf=nanosized_cu_mofs_go_gas_storage; figure=Cu-MOF_GO_Fig8_CG9_273K,digitized_figure,Approximate visual digitization from Fig. 8; CO2 endpoint consistent with Table 1.
CG-9,CO2,273,K,1.0,atm,8.26,mmol/g,10.1039/c3ee23421e,2013,pdf_nanosized_cu_mofs_go_gas_storage,local PDF: Nanosized-Cu-MOFs-induced-by-graphene-oxide-and-enhanced-gas-storage-capacity.pdf,pdf=nanosized_cu_mofs_go_gas_storage; figure=Cu-MOF_GO_Fig8_CG9_273K,digitized_figure,Approximate visual digitization from Fig. 8; CO2 endpoint consistent with Table 1.
CG-9,CH4,273,K,0,atm,0,mmol/g,10.1039/c3ee23421e,2013,pdf_nanosized_cu_mofs_go_gas_storage,local PDF: Nanosized-Cu-MOFs-induced-by-graphene-oxide-and-enhanced-gas-storage-capacity.pdf,pdf=nanosized_cu_mofs_go_gas_storage; figure=Cu-MOF_GO_Fig8_CG9_273K,digitized_figure,Approximate visual digitization from Fig. 8; CO2 endpoint consistent with Table 1.
CG-9,CH4,273,K,0.1,atm,0.25,mmol/g,10.1039/c3ee23421e,2013,pdf_nanosized_cu_mofs_go_gas_storage,local PDF: Nanosized-Cu-MOFs-induced-by-graphene-oxide-and-enhanced-gas-storage-capacity.pdf,pdf=nanosized_cu_mofs_go_gas_storage; figure=Cu-MOF_GO_Fig8_CG9_273K,digitized_figure,Approximate visual digitization from Fig. 8; CO2 endpoint consistent with Table 1.
CG-9,CH4,273,K,0.2,atm,0.35,mmol/g,10.1039/c3ee23421e,2013,pdf_nanosized_cu_mofs_go_gas_storage,local PDF: Nanosized-Cu-MOFs-induced-by-graphene-oxide-and-enhanced-gas-storage-capacity.pdf,pdf=nanosized_cu_mofs_go_gas_storage; figure=Cu-MOF_GO_Fig8_CG9_273K,digitized_figure,Approximate visual digitization from Fig. 8; CO2 endpoint consistent with Table 1.
CG-9,CH4,273,K,0.3,atm,0.48,mmol/g,10.1039/c3ee23421e,2013,pdf_nanosized_cu_mofs_go_gas_storage,local PDF: Nanosized-Cu-MOFs-induced-by-graphene-oxide-and-enhanced-gas-storage-capacity.pdf,pdf=nanosized_cu_mofs_go_gas_storage; figure=Cu-MOF_GO_Fig8_CG9_273K,digitized_figure,Approximate visual digitization from Fig. 8; CO2 endpoint consistent with Table 1.
CG-9,CH4,273,K,0.4,atm,0.62,mmol/g,10.1039/c3ee23421e,2013,pdf_nanosized_cu_mofs_go_gas_storage,local PDF: Nanosized-Cu-MOFs-induced-by-graphene-oxide-and-enhanced-gas-storage-capacity.pdf,pdf=nanosized_cu_mofs_go_gas_storage; figure=Cu-MOF_GO_Fig8_CG9_273K,digitized_figure,Approximate visual digitization from Fig. 8; CO2 endpoint consistent with Table 1.
CG-9,CH4,273,K,0.5,atm,0.75,mmol/g,10.1039/c3ee23421e,2013,pdf_nanosized_cu_mofs_go_gas_storage,local PDF: Nanosized-Cu-MOFs-induced-by-graphene-oxide-and-enhanced-gas-storage-capacity.pdf,pdf=nanosized_cu_mofs_go_gas_storage; figure=Cu-MOF_GO_Fig8_CG9_273K,digitized_figure,Approximate visual digitization from Fig. 8; CO2 endpoint consistent with Table 1.
CG-9,CH4,273,K,0.6,atm,0.88,mmol/g,10.1039/c3ee23421e,2013,pdf_nanosized_cu_mofs_go_gas_storage,local PDF: Nanosized-Cu-MOFs-induced-by-graphene-oxide-and-enhanced-gas-storage-capacity.pdf,pdf=nanosized_cu_mofs_go_gas_storage; figure=Cu-MOF_GO_Fig8_CG9_273K,digitized_figure,Approximate visual digitization from Fig. 8; CO2 endpoint consistent with Table 1.
CG-9,CH4,273,K,0.7,atm,1.0,mmol/g,10.1039/c3ee23421e,2013,pdf_nanosized_cu_mofs_go_gas_storage,local PDF: Nanosized-Cu-MOFs-induced-by-graphene-oxide-and-enhanced-gas-storage-capacity.pdf,pdf=nanosized_cu_mofs_go_gas_storage; figure=Cu-MOF_GO_Fig8_CG9_273K,digitized_figure,Approximate visual digitization from Fig. 8; CO2 endpoint consistent with Table 1.
CG-9,CH4,273,K,0.8,atm,1.1,mmol/g,10.1039/c3ee23421e,2013,pdf_nanosized_cu_mofs_go_gas_storage,local PDF: Nanosized-Cu-MOFs-induced-by-graphene-oxide-and-enhanced-gas-storage-capacity.pdf,pdf=nanosized_cu_mofs_go_gas_storage; figure=Cu-MOF_GO_Fig8_CG9_273K,digitized_figure,Approximate visual digitization from Fig. 8; CO2 endpoint consistent with Table 1.
CG-9,CH4,273,K,0.9,atm,1.2,mmol/g,10.1039/c3ee23421e,2013,pdf_nanosized_cu_mofs_go_gas_storage,local PDF: Nanosized-Cu-MOFs-induced-by-graphene-oxide-and-enhanced-gas-storage-capacity.pdf,pdf=nanosized_cu_mofs_go_gas_storage; figure=Cu-MOF_GO_Fig8_CG9_273K,digitized_figure,Approximate visual digitization from Fig. 8; CO2 endpoint consistent with Table 1.
CG-9,CH4,273,K,1.0,atm,1.3,mmol/g,10.1039/c3ee23421e,2013,pdf_nanosized_cu_mofs_go_gas_storage,local PDF: Nanosized-Cu-MOFs-induced-by-graphene-oxide-and-enhanced-gas-storage-capacity.pdf,pdf=nanosized_cu_mofs_go_gas_storage; figure=Cu-MOF_GO_Fig8_CG9_273K,digitized_figure,Approximate visual digitization from Fig. 8; CO2 endpoint consistent with Table 1.
CG-9,N2,273,K,0,atm,0,mmol/g,10.1039/c3ee23421e,2013,pdf_nanosized_cu_mofs_go_gas_storage,local PDF: Nanosized-Cu-MOFs-induced-by-graphene-oxide-and-enhanced-gas-storage-capacity.pdf,pdf=nanosized_cu_mofs_go_gas_storage; figure=Cu-MOF_GO_Fig8_CG9_273K,digitized_figure,Approximate visual digitization from Fig. 8; CO2 endpoint consistent with Table 1.
CG-9,N2,273,K,0.1,atm,0.05,mmol/g,10.1039/c3ee23421e,2013,pdf_nanosized_cu_mofs_go_gas_storage,local PDF: Nanosized-Cu-MOFs-induced-by-graphene-oxide-and-enhanced-gas-storage-capacity.pdf,pdf=nanosized_cu_mofs_go_gas_storage; figure=Cu-MOF_GO_Fig8_CG9_273K,digitized_figure,Approximate visual digitization from Fig. 8; CO2 endpoint consistent with Table 1.
CG-9,N2,273,K,0.2,atm,0.09,mmol/g,10.1039/c3ee23421e,2013,pdf_nanosized_cu_mofs_go_gas_storage,local PDF: Nanosized-Cu-MOFs-induced-by-graphene-oxide-and-enhanced-gas-storage-capacity.pdf,pdf=nanosized_cu_mofs_go_gas_storage; figure=Cu-MOF_GO_Fig8_CG9_273K,digitized_figure,Approximate visual digitization from Fig. 8; CO2 endpoint consistent with Table 1.
CG-9,N2,273,K,0.3,atm,0.12,mmol/g,10.1039/c3ee23421e,2013,pdf_nanosized_cu_mofs_go_gas_storage,local PDF: Nanosized-Cu-MOFs-induced-by-graphene-oxide-and-enhanced-gas-storage-capacity.pdf,pdf=nanosized_cu_mofs_go_gas_storage; figure=Cu-MOF_GO_Fig8_CG9_273K,digitized_figure,Approximate visual digitization from Fig. 8; CO2 endpoint consistent with Table 1.
CG-9,N2,273,K,0.4,atm,0.16,mmol/g,10.1039/c3ee23421e,2013,pdf_nanosized_cu_mofs_go_gas_storage,local PDF: Nanosized-Cu-MOFs-induced-by-graphene-oxide-and-enhanced-gas-storage-capacity.pdf,pdf=nanosized_cu_mofs_go_gas_storage; figure=Cu-MOF_GO_Fig8_CG9_273K,digitized_figure,Approximate visual digitization from Fig. 8; CO2 endpoint consistent with Table 1.
CG-9,N2,273,K,0.5,atm,0.2,mmol/g,10.1039/c3ee23421e,2013,pdf_nanosized_cu_mofs_go_gas_storage,local PDF: Nanosized-Cu-MOFs-induced-by-graphene-oxide-and-enhanced-gas-storage-capacity.pdf,pdf=nanosized_cu_mofs_go_gas_storage; figure=Cu-MOF_GO_Fig8_CG9_273K,digitized_figure,Approximate visual digitization from Fig. 8; CO2 endpoint consistent with Table 1.
CG-9,N2,273,K,0.6,atm,0.24,mmol/g,10.1039/c3ee23421e,2013,pdf_nanosized_cu_mofs_go_gas_storage,local PDF: Nanosized-Cu-MOFs-induced-by-graphene-oxide-and-enhanced-gas-storage-capacity.pdf,pdf=nanosized_cu_mofs_go_gas_storage; figure=Cu-MOF_GO_Fig8_CG9_273K,digitized_figure,Approximate visual digitization from Fig. 8; CO2 endpoint consistent with Table 1.
CG-9,N2,273,K,0.7,atm,0.28,mmol/g,10.1039/c3ee23421e,2013,pdf_nanosized_cu_mofs_go_gas_storage,local PDF: Nanosized-Cu-MOFs-induced-by-graphene-oxide-and-enhanced-gas-storage-capacity.pdf,pdf=nanosized_cu_mofs_go_gas_storage; figure=Cu-MOF_GO_Fig8_CG9_273K,digitized_figure,Approximate visual digitization from Fig. 8; CO2 endpoint consistent with Table 1.
CG-9,N2,273,K,0.8,atm,0.32,mmol/g,10.1039/c3ee23421e,2013,pdf_nanosized_cu_mofs_go_gas_storage,local PDF: Nanosized-Cu-MOFs-induced-by-graphene-oxide-and-enhanced-gas-storage-capacity.pdf,pdf=nanosized_cu_mofs_go_gas_storage; figure=Cu-MOF_GO_Fig8_CG9_273K,digitized_figure,Approximate visual digitization from Fig. 8; CO2 endpoint consistent with Table 1.
CG-9,N2,273,K,0.9,atm,0.36,mmol/g,10.1039/c3ee23421e,2013,pdf_nanosized_cu_mofs_go_gas_storage,local PDF: Nanosized-Cu-MOFs-induced-by-graphene-oxide-and-enhanced-gas-storage-capacity.pdf,pdf=nanosized_cu_mofs_go_gas_storage; figure=Cu-MOF_GO_Fig8_CG9_273K,digitized_figure,Approximate visual digitization from Fig. 8; CO2 endpoint consistent with Table 1.
CG-9,N2,273,K,1.0,atm,0.4,mmol/g,10.1039/c3ee23421e,2013,pdf_nanosized_cu_mofs_go_gas_storage,local PDF: Nanosized-Cu-MOFs-induced-by-graphene-oxide-and-enhanced-gas-storage-capacity.pdf,pdf=nanosized_cu_mofs_go_gas_storage; figure=Cu-MOF_GO_Fig8_CG9_273K,digitized_figure,Approximate visual digitization from Fig. 8; CO2 endpoint consistent with Table 1.
NPF-200_total_adsorption,H2,77,K,0,bar,0,mmol/g,10.1002/adma.201907995,2020,pdf_nihms_1670563,local PDF: nihms-1670563.pdf,pdf=nihms_1670563; figure=NPF-200_Fig3b_H2_77K,digitized_figure,Approximate visual digitization from small Fig. 3b; total 100 bar value anchored to text.
NPF-200_total_adsorption,H2,77,K,5,bar,20,mmol/g,10.1002/adma.201907995,2020,pdf_nihms_1670563,local PDF: nihms-1670563.pdf,pdf=nihms_1670563; figure=NPF-200_Fig3b_H2_77K,digitized_figure,Approximate visual digitization from small Fig. 3b; total 100 bar value anchored to text.
NPF-200_total_adsorption,H2,77,K,10,bar,30,mmol/g,10.1002/adma.201907995,2020,pdf_nihms_1670563,local PDF: nihms-1670563.pdf,pdf=nihms_1670563; figure=NPF-200_Fig3b_H2_77K,digitized_figure,Approximate visual digitization from small Fig. 3b; total 100 bar value anchored to text.
NPF-200_total_adsorption,H2,77,K,20,bar,42,mmol/g,10.1002/adma.201907995,2020,pdf_nihms_1670563,local PDF: nihms-1670563.pdf,pdf=nihms_1670563; figure=NPF-200_Fig3b_H2_77K,digitized_figure,Approximate visual digitization from small Fig. 3b; total 100 bar value anchored to text.
NPF-200_total_adsorption,H2,77,K,30,bar,50,mmol/g,10.1002/adma.201907995,2020,pdf_nihms_1670563,local PDF: nihms-1670563.pdf,pdf=nihms_1670563; figure=NPF-200_Fig3b_H2_77K,digitized_figure,Approximate visual digitization from small Fig. 3b; total 100 bar value anchored to text.
NPF-200_total_adsorption,H2,77,K,40,bar,54,mmol/g,10.1002/adma.201907995,2020,pdf_nihms_1670563,local PDF: nihms-1670563.pdf,pdf=nihms_1670563; figure=NPF-200_Fig3b_H2_77K,digitized_figure,Approximate visual digitization from small Fig. 3b; total 100 bar value anchored to text.
NPF-200_total_adsorption,H2,77,K,60,bar,60,mmol/g,10.1002/adma.201907995,2020,pdf_nihms_1670563,local PDF: nihms-1670563.pdf,pdf=nihms_1670563; figure=NPF-200_Fig3b_H2_77K,digitized_figure,Approximate visual digitization from small Fig. 3b; total 100 bar value anchored to text.
NPF-200_total_adsorption,H2,77,K,80,bar,62,mmol/g,10.1002/adma.201907995,2020,pdf_nihms_1670563,local PDF: nihms-1670563.pdf,pdf=nihms_1670563; figure=NPF-200_Fig3b_H2_77K,digitized_figure,Approximate visual digitization from small Fig. 3b; total 100 bar value anchored to text.
NPF-200_total_adsorption,H2,77,K,100,bar,65.7,mmol/g,10.1002/adma.201907995,2020,pdf_nihms_1670563,local PDF: nihms-1670563.pdf,pdf=nihms_1670563; figure=NPF-200_Fig3b_H2_77K,digitized_figure,Approximate visual digitization from small Fig. 3b; total 100 bar value anchored to text.
NPF-200_excess_adsorption,H2,77,K,0,bar,0,mmol/g,10.1002/adma.201907995,2020,pdf_nihms_1670563,local PDF: nihms-1670563.pdf,pdf=nihms_1670563; figure=NPF-200_Fig3b_H2_77K,digitized_figure,Approximate visual digitization from small Fig. 3b; total 100 bar value anchored to text.
NPF-200_excess_adsorption,H2,77,K,5,bar,18,mmol/g,10.1002/adma.201907995,2020,pdf_nihms_1670563,local PDF: nihms-1670563.pdf,pdf=nihms_1670563; figure=NPF-200_Fig3b_H2_77K,digitized_figure,Approximate visual digitization from small Fig. 3b; total 100 bar value anchored to text.
NPF-200_excess_adsorption,H2,77,K,10,bar,25,mmol/g,10.1002/adma.201907995,2020,pdf_nihms_1670563,local PDF: nihms-1670563.pdf,pdf=nihms_1670563; figure=NPF-200_Fig3b_H2_77K,digitized_figure,Approximate visual digitization from small Fig. 3b; total 100 bar value anchored to text.
NPF-200_excess_adsorption,H2,77,K,20,bar,32,mmol/g,10.1002/adma.201907995,2020,pdf_nihms_1670563,local PDF: nihms-1670563.pdf,pdf=nihms_1670563; figure=NPF-200_Fig3b_H2_77K,digitized_figure,Approximate visual digitization from small Fig. 3b; total 100 bar value anchored to text.
NPF-200_excess_adsorption,H2,77,K,30,bar,35,mmol/g,10.1002/adma.201907995,2020,pdf_nihms_1670563,local PDF: nihms-1670563.pdf,pdf=nihms_1670563; figure=NPF-200_Fig3b_H2_77K,digitized_figure,Approximate visual digitization from small Fig. 3b; total 100 bar value anchored to text.
NPF-200_excess_adsorption,H2,77,K,40,bar,36,mmol/g,10.1002/adma.201907995,2020,pdf_nihms_1670563,local PDF: nihms-1670563.pdf,pdf=nihms_1670563; figure=NPF-200_Fig3b_H2_77K,digitized_figure,Approximate visual digitization from small Fig. 3b; total 100 bar value anchored to text.
NPF-200_excess_adsorption,H2,77,K,60,bar,36,mmol/g,10.1002/adma.201907995,2020,pdf_nihms_1670563,local PDF: nihms-1670563.pdf,pdf=nihms_1670563; figure=NPF-200_Fig3b_H2_77K,digitized_figure,Approximate visual digitization from small Fig. 3b; total 100 bar value anchored to text.
NPF-200_excess_adsorption,H2,77,K,80,bar,34,mmol/g,10.1002/adma.201907995,2020,pdf_nihms_1670563,local PDF: nihms-1670563.pdf,pdf=nihms_1670563; figure=NPF-200_Fig3b_H2_77K,digitized_figure,Approximate visual digitization from small Fig. 3b; total 100 bar value anchored to text.
NPF-200_excess_adsorption,H2,77,K,100,bar,32,mmol/g,10.1002/adma.201907995,2020,pdf_nihms_1670563,local PDF: nihms-1670563.pdf,pdf=nihms_1670563; figure=NPF-200_Fig3b_H2_77K,digitized_figure,Approximate visual digitization from small Fig. 3b; total 100 bar value anchored to text.
