MOF_name,gas_type,temperature,temperature_unit,pressure,pressure_unit,capacity_value,capacity_unit,isotherm_id,DOI,publication_year,source_id,source_url,source_location,extraction_method,notes
hMOF-6,CO2,298.0,K,0.01,bar,0.107653,mol/kg,5105127,10.1039/C2EE23201D,,db_mofxdb,https://mof.tech.northwestern.edu/isotherms/5105127.json,,web_api_json,MOFX-DB category=exp; composition=1.0; origin and units require final verification.
hMOF-6,CO2,298.0,K,0.1,bar,1.19017,mol/kg,5105127,10.1039/C2EE23201D,,db_mofxdb,https://mof.tech.northwestern.edu/isotherms/5105127.json,,web_api_json,MOFX-DB category=exp; composition=1.0; origin and units require final verification.
hMOF-6,CO2,298.0,K,2.5,bar,8.49693,mol/kg,5105127,10.1039/C2EE23201D,,db_mofxdb,https://mof.tech.northwestern.edu/isotherms/5105127.json,,web_api_json,MOFX-DB category=exp; composition=1.0; origin and units require final verification.
hMOF-6,CO2,298.0,K,0.05,bar,0.702453,mol/kg,5105127,10.1039/C2EE23201D,,db_mofxdb,https://mof.tech.northwestern.edu/isotherms/5105127.json,,web_api_json,MOFX-DB category=exp; composition=1.0; origin and units require final verification.
hMOF-6,CO2,298.0,K,0.5,bar,2.80141,mol/kg,5105127,10.1039/C2EE23201D,,db_mofxdb,https://mof.tech.northwestern.edu/isotherms/5105127.json,,web_api_json,MOFX-DB category=exp; composition=1.0; origin and units require final verification.
hMOF-6,N2,298.0,K,0.09,bar,0.0185118,mol/kg,5380732,10.1039/C2EE23201D,,db_mofxdb,https://mof.tech.northwestern.edu/isotherms/5380732.json,,web_api_json,MOFX-DB category=exp; composition=1.0; origin and units require final verification.
hMOF-6,N2,298.0,K,0.9,bar,0.161765,mol/kg,5380732,10.1039/C2EE23201D,,db_mofxdb,https://mof.tech.northwestern.edu/isotherms/5380732.json,,web_api_json,MOFX-DB category=exp; composition=1.0; origin and units require final verification.
hMOF-6,CH4,298.0,K,2.5,bar,0.765963,mol/kg,5518384,10.1039/C2EE23201D,,db_mofxdb,https://mof.tech.northwestern.edu/isotherms/5518384.json,,web_api_json,MOFX-DB category=exp; composition=1.0; origin and units require final verification.
hMOF-6,CH4,298.0,K,4.5,bar,1.38056,mol/kg,5518384,10.1039/C2EE23201D,,db_mofxdb,https://mof.tech.northwestern.edu/isotherms/5518384.json,,web_api_json,MOFX-DB category=exp; composition=1.0; origin and units require final verification.
hMOF-6,CH4,298.0,K,0.05,bar,0.0145247,mol/kg,5518384,10.1039/C2EE23201D,,db_mofxdb,https://mof.tech.northwestern.edu/isotherms/5518384.json,,web_api_json,MOFX-DB category=exp; composition=1.0; origin and units require final verification.
hMOF-6,CH4,298.0,K,0.5,bar,0.159771,mol/kg,5518384,10.1039/C2EE23201D,,db_mofxdb,https://mof.tech.northwestern.edu/isotherms/5518384.json,,web_api_json,MOFX-DB category=exp; composition=1.0; origin and units require final verification.
hMOF-6,CH4,298.0,K,0.9,bar,0.28195,mol/kg,5518384,10.1039/C2EE23201D,,db_mofxdb,https://mof.tech.northwestern.edu/isotherms/5518384.json,,web_api_json,MOFX-DB category=exp; composition=1.0; origin and units require final verification.
hMOF-6,CH4,298.0,K,35.0,bar,128.267,cm3(STP)/cm3,5737345,10.1038/nchem.1192,,db_mofxdb,https://mof.tech.northwestern.edu/isotherms/5737345.json,,web_api_json,MOFX-DB category=exp; composition=1.0; origin and units require final verification.
hMOF-6,Xe,273.0,K,1.0,bar,0.289497,mol/kg,6012950,10.1039/C2SC01097F,,db_mofxdb,https://mof.tech.northwestern.edu/isotherms/6012950.json,,web_api_json,MOFX-DB category=exp; composition=0.2; origin and units require final verification.
hMOF-6,Kr,273.0,K,1.0,bar,0.356424,mol/kg,6012950,10.1039/C2SC01097F,,db_mofxdb,https://mof.tech.northwestern.edu/isotherms/6012950.json,,web_api_json,MOFX-DB category=exp; composition=0.8; origin and units require final verification.
hMOF-6,Xe,273.0,K,5.0,bar,1.44663,mol/kg,6012950,10.1039/C2SC01097F,,db_mofxdb,https://mof.tech.northwestern.edu/isotherms/6012950.json,,web_api_json,MOFX-DB category=exp; composition=0.2; origin and units require final verification.
hMOF-6,Kr,273.0,K,5.0,bar,1.72388,mol/kg,6012950,10.1039/C2SC01097F,,db_mofxdb,https://mof.tech.northwestern.edu/isotherms/6012950.json,,web_api_json,MOFX-DB category=exp; composition=0.8; origin and units require final verification.
hMOF-6,Xe,273.0,K,10.0,bar,3.00034,mol/kg,6012950,10.1039/C2SC01097F,,db_mofxdb,https://mof.tech.northwestern.edu/isotherms/6012950.json,,web_api_json,MOFX-DB category=exp; composition=0.2; origin and units require final verification.
hMOF-6,Kr,273.0,K,10.0,bar,3.61963,mol/kg,6012950,10.1039/C2SC01097F,,db_mofxdb,https://mof.tech.northwestern.edu/isotherms/6012950.json,,web_api_json,MOFX-DB category=exp; composition=0.8; origin and units require final verification.
hMOF-6,H2,77.0,K,2.0,bar,9.62817,g/l,6150836,10.1021/acs.jpcc.6b08729,,db_mofxdb,https://mof.tech.northwestern.edu/isotherms/6150836.json,,web_api_json,MOFX-DB category=exp; composition=1.0; origin and units require final verification.
hMOF-6,H2,77.0,K,100.0,bar,50.4343,g/l,6150836,10.1021/acs.jpcc.6b08729,,db_mofxdb,https://mof.tech.northwestern.edu/isotherms/6150836.json,,web_api_json,MOFX-DB category=exp; composition=1.0; origin and units require final verification.
hMOF-0,CO2,298.0,K,0.01,bar,0.0224065,mol/kg,5105121,10.1039/C2EE23201D,,db_mofxdb,https://mof.tech.northwestern.edu/isotherms/5105121.json,,web_api_json,MOFX-DB category=exp; composition=1.0; origin and units require final verification.
hMOF-0,CO2,298.0,K,0.1,bar,0.225851,mol/kg,5105121,10.1039/C2EE23201D,,db_mofxdb,https://mof.tech.northwestern.edu/isotherms/5105121.json,,web_api_json,MOFX-DB category=exp; composition=1.0; origin and units require final verification.
hMOF-0,CO2,298.0,K,2.5,bar,4.33307,mol/kg,5105121,10.1039/C2EE23201D,,db_mofxdb,https://mof.tech.northwestern.edu/isotherms/5105121.json,,web_api_json,MOFX-DB category=exp; composition=1.0; origin and units require final verification.
hMOF-0,CO2,298.0,K,0.05,bar,0.0735519,mol/kg,5105121,10.1039/C2EE23201D,,db_mofxdb,https://mof.tech.northwestern.edu/isotherms/5105121.json,,web_api_json,MOFX-DB category=exp; composition=1.0; origin and units require final verification.
hMOF-0,CO2,298.0,K,0.5,bar,0.885221,mol/kg,5105121,10.1039/C2EE23201D,,db_mofxdb,https://mof.tech.northwestern.edu/isotherms/5105121.json,,web_api_json,MOFX-DB category=exp; composition=1.0; origin and units require final verification.
hMOF-0,N2,298.0,K,0.09,bar,0.0178603,mol/kg,5380726,10.1039/C2EE23201D,,db_mofxdb,https://mof.tech.northwestern.edu/isotherms/5380726.json,,web_api_json,MOFX-DB category=exp; composition=1.0; origin and units require final verification.
hMOF-0,N2,298.0,K,0.9,bar,0.168861,mol/kg,5380726,10.1039/C2EE23201D,,db_mofxdb,https://mof.tech.northwestern.edu/isotherms/5380726.json,,web_api_json,MOFX-DB category=exp; composition=1.0; origin and units require final verification.
hMOF-0,CH4,298.0,K,2.5,bar,0.925975,mol/kg,5518378,10.1039/C2EE23201D,,db_mofxdb,https://mof.tech.northwestern.edu/isotherms/5518378.json,,web_api_json,MOFX-DB category=exp; composition=1.0; origin and units require final verification.
hMOF-0,CH4,298.0,K,4.5,bar,1.7128,mol/kg,5518378,10.1039/C2EE23201D,,db_mofxdb,https://mof.tech.northwestern.edu/isotherms/5518378.json,,web_api_json,MOFX-DB category=exp; composition=1.0; origin and units require final verification.
hMOF-0,CH4,298.0,K,0.05,bar,0.0186721,mol/kg,5518378,10.1039/C2EE23201D,,db_mofxdb,https://mof.tech.northwestern.edu/isotherms/5518378.json,,web_api_json,MOFX-DB category=exp; composition=1.0; origin and units require final verification.
hMOF-0,CH4,298.0,K,0.5,bar,0.176655,mol/kg,5518378,10.1039/C2EE23201D,,db_mofxdb,https://mof.tech.northwestern.edu/isotherms/5518378.json,,web_api_json,MOFX-DB category=exp; composition=1.0; origin and units require final verification.
hMOF-0,CH4,298.0,K,0.9,bar,0.332851,mol/kg,5518378,10.1039/C2EE23201D,,db_mofxdb,https://mof.tech.northwestern.edu/isotherms/5518378.json,,web_api_json,MOFX-DB category=exp; composition=1.0; origin and units require final verification.
hMOF-0,CH4,298.0,K,35.0,bar,146.915,cm3(STP)/cm3,5737339,10.1038/nchem.1192,,db_mofxdb,https://mof.tech.northwestern.edu/isotherms/5737339.json,,web_api_json,MOFX-DB category=exp; composition=1.0; origin and units require final verification.
hMOF-0,Xe,273.0,K,1.0,bar,0.33967,mol/kg,6012944,10.1039/C2SC01097F,,db_mofxdb,https://mof.tech.northwestern.edu/isotherms/6012944.json,,web_api_json,MOFX-DB category=exp; composition=0.2; origin and units require final verification.
hMOF-0,Kr,273.0,K,1.0,bar,0.416632,mol/kg,6012944,10.1039/C2SC01097F,,db_mofxdb,https://mof.tech.northwestern.edu/isotherms/6012944.json,,web_api_json,MOFX-DB category=exp; composition=0.8; origin and units require final verification.
hMOF-0,Xe,273.0,K,5.0,bar,1.81249,mol/kg,6012944,10.1039/C2SC01097F,,db_mofxdb,https://mof.tech.northwestern.edu/isotherms/6012944.json,,web_api_json,MOFX-DB category=exp; composition=0.2; origin and units require final verification.
hMOF-0,Kr,273.0,K,5.0,bar,2.18902,mol/kg,6012944,10.1039/C2SC01097F,,db_mofxdb,https://mof.tech.northwestern.edu/isotherms/6012944.json,,web_api_json,MOFX-DB category=exp; composition=0.8; origin and units require final verification.
hMOF-0,Xe,273.0,K,10.0,bar,4.19895,mol/kg,6012944,10.1039/C2SC01097F,,db_mofxdb,https://mof.tech.northwestern.edu/isotherms/6012944.json,,web_api_json,MOFX-DB category=exp; composition=0.2; origin and units require final verification.
hMOF-0,Kr,273.0,K,10.0,bar,4.62955,mol/kg,6012944,10.1039/C2SC01097F,,db_mofxdb,https://mof.tech.northwestern.edu/isotherms/6012944.json,,web_api_json,MOFX-DB category=exp; composition=0.8; origin and units require final verification.
hMOF-0,H2,77.0,K,2.0,bar,10.4232,g/l,6150830,10.1021/acs.jpcc.6b08729,,db_mofxdb,https://mof.tech.northwestern.edu/isotherms/6150830.json,,web_api_json,MOFX-DB category=exp; composition=1.0; origin and units require final verification.
hMOF-0,H2,77.0,K,100.0,bar,54.1326,g/l,6150830,10.1021/acs.jpcc.6b08729,,db_mofxdb,https://mof.tech.northwestern.edu/isotherms/6150830.json,,web_api_json,MOFX-DB category=exp; composition=1.0; origin and units require final verification.
hMOF-7,CO2,298.0,K,0.01,bar,1.20398,mol/kg,5105128,10.1039/C2EE23201D,,db_mofxdb,https://mof.tech.northwestern.edu/isotherms/5105128.json,,web_api_json,MOFX-DB category=exp; composition=1.0; origin and units require final verification.
hMOF-7,CO2,298.0,K,0.1,bar,3.16225,mol/kg,5105128,10.1039/C2EE23201D,,db_mofxdb,https://mof.tech.northwestern.edu/isotherms/5105128.json,,web_api_json,MOFX-DB category=exp; composition=1.0; origin and units require final verification.
hMOF-7,CO2,298.0,K,2.5,bar,5.46213,mol/kg,5105128,10.1039/C2EE23201D,,db_mofxdb,https://mof.tech.northwestern.edu/isotherms/5105128.json,,web_api_json,MOFX-DB category=exp; composition=1.0; origin and units require final verification.
hMOF-7,CO2,298.0,K,0.05,bar,2.48016,mol/kg,5105128,10.1039/C2EE23201D,,db_mofxdb,https://mof.tech.northwestern.edu/isotherms/5105128.json,,web_api_json,MOFX-DB category=exp; composition=1.0; origin and units require final verification.
hMOF-7,CO2,298.0,K,0.5,bar,4.51262,mol/kg,5105128,10.1039/C2EE23201D,,db_mofxdb,https://mof.tech.northwestern.edu/isotherms/5105128.json,,web_api_json,MOFX-DB category=exp; composition=1.0; origin and units require final verification.
hMOF-7,N2,298.0,K,0.09,bar,0.0134567,mol/kg,5380733,10.1039/C2EE23201D,,db_mofxdb,https://mof.tech.northwestern.edu/isotherms/5380733.json,,web_api_json,MOFX-DB category=exp; composition=1.0; origin and units require final verification.
hMOF-7,N2,298.0,K,0.9,bar,0.172658,mol/kg,5380733,10.1039/C2EE23201D,,db_mofxdb,https://mof.tech.northwestern.edu/isotherms/5380733.json,,web_api_json,MOFX-DB category=exp; composition=1.0; origin and units require final verification.
hMOF-7,CH4,298.0,K,2.5,bar,0.714699,mol/kg,5518385,10.1039/C2EE23201D,,db_mofxdb,https://mof.tech.northwestern.edu/isotherms/5518385.json,,web_api_json,MOFX-DB category=exp; composition=1.0; origin and units require final verification.
hMOF-7,CH4,298.0,K,4.5,bar,0.927942,mol/kg,5518385,10.1039/C2EE23201D,,db_mofxdb,https://mof.tech.northwestern.edu/isotherms/5518385.json,,web_api_json,MOFX-DB category=exp; composition=1.0; origin and units require final verification.
hMOF-7,CH4,298.0,K,0.05,bar,0.0270558,mol/kg,5518385,10.1039/C2EE23201D,,db_mofxdb,https://mof.tech.northwestern.edu/isotherms/5518385.json,,web_api_json,MOFX-DB category=exp; composition=1.0; origin and units require final verification.
hMOF-7,CH4,298.0,K,0.5,bar,0.237094,mol/kg,5518385,10.1039/C2EE23201D,,db_mofxdb,https://mof.tech.northwestern.edu/isotherms/5518385.json,,web_api_json,MOFX-DB category=exp; composition=1.0; origin and units require final verification.
hMOF-7,CH4,298.0,K,0.9,bar,0.391739,mol/kg,5518385,10.1039/C2EE23201D,,db_mofxdb,https://mof.tech.northwestern.edu/isotherms/5518385.json,,web_api_json,MOFX-DB category=exp; composition=1.0; origin and units require final verification.
hMOF-7,CH4,298.0,K,35.0,bar,66.3291,cm3(STP)/cm3,5737346,10.1038/nchem.1192,,db_mofxdb,https://mof.tech.northwestern.edu/isotherms/5737346.json,,web_api_json,MOFX-DB category=exp; composition=1.0; origin and units require final verification.
hMOF-7,Xe,273.0,K,1.0,bar,0.582411,mol/kg,6012951,10.1039/C2SC01097F,,db_mofxdb,https://mof.tech.northwestern.edu/isotherms/6012951.json,,web_api_json,MOFX-DB category=exp; composition=0.2; origin and units require final verification.
hMOF-7,Kr,273.0,K,1.0,bar,0.354715,mol/kg,6012951,10.1039/C2SC01097F,,db_mofxdb,https://mof.tech.northwestern.edu/isotherms/6012951.json,,web_api_json,MOFX-DB category=exp; composition=0.8; origin and units require final verification.
hMOF-7,Xe,273.0,K,5.0,bar,0.581272,mol/kg,6012951,10.1039/C2SC01097F,,db_mofxdb,https://mof.tech.northwestern.edu/isotherms/6012951.json,,web_api_json,MOFX-DB category=exp; composition=0.2; origin and units require final verification.
hMOF-7,Kr,273.0,K,5.0,bar,0.977496,mol/kg,6012951,10.1039/C2SC01097F,,db_mofxdb,https://mof.tech.northwestern.edu/isotherms/6012951.json,,web_api_json,MOFX-DB category=exp; composition=0.8; origin and units require final verification.
hMOF-7,Xe,273.0,K,10.0,bar,0.584903,mol/kg,6012951,10.1039/C2SC01097F,,db_mofxdb,https://mof.tech.northwestern.edu/isotherms/6012951.json,,web_api_json,MOFX-DB category=exp; composition=0.2; origin and units require final verification.
hMOF-7,Kr,273.0,K,10.0,bar,1.16959,mol/kg,6012951,10.1039/C2SC01097F,,db_mofxdb,https://mof.tech.northwestern.edu/isotherms/6012951.json,,web_api_json,MOFX-DB category=exp; composition=0.8; origin and units require final verification.
hMOF-7,H2,77.0,K,2.0,bar,24.6018,g/l,6150837,10.1021/acs.jpcc.6b08729,,db_mofxdb,https://mof.tech.northwestern.edu/isotherms/6150837.json,,web_api_json,MOFX-DB category=exp; composition=1.0; origin and units require final verification.
hMOF-7,H2,77.0,K,100.0,bar,31.2826,g/l,6150837,10.1021/acs.jpcc.6b08729,,db_mofxdb,https://mof.tech.northwestern.edu/isotherms/6150837.json,,web_api_json,MOFX-DB category=exp; composition=1.0; origin and units require final verification.
hMOF-5,CO2,298.0,K,0.01,bar,0.300224,mol/kg,5105126,10.1039/C2EE23201D,,db_mofxdb,https://mof.tech.northwestern.edu/isotherms/5105126.json,,web_api_json,MOFX-DB category=exp; composition=1.0; origin and units require final verification.
hMOF-5,CO2,298.0,K,0.1,bar,1.59719,mol/kg,5105126,10.1039/C2EE23201D,,db_mofxdb,https://mof.tech.northwestern.edu/isotherms/5105126.json,,web_api_json,MOFX-DB category=exp; composition=1.0; origin and units require final verification.
hMOF-5,CO2,298.0,K,2.5,bar,2.23941,mol/kg,5105126,10.1039/C2EE23201D,,db_mofxdb,https://mof.tech.northwestern.edu/isotherms/5105126.json,,web_api_json,MOFX-DB category=exp; composition=1.0; origin and units require final verification.
hMOF-5,CO2,298.0,K,0.05,bar,1.13122,mol/kg,5105126,10.1039/C2EE23201D,,db_mofxdb,https://mof.tech.northwestern.edu/isotherms/5105126.json,,web_api_json,MOFX-DB category=exp; composition=1.0; origin and units require final verification.
hMOF-5,CO2,298.0,K,0.5,bar,2.01518,mol/kg,5105126,10.1039/C2EE23201D,,db_mofxdb,https://mof.tech.northwestern.edu/isotherms/5105126.json,,web_api_json,MOFX-DB category=exp; composition=1.0; origin and units require final verification.
hMOF-5,N2,298.0,K,0.09,bar,0.00650288,mol/kg,5380731,10.1039/C2EE23201D,,db_mofxdb,https://mof.tech.northwestern.edu/isotherms/5380731.json,,web_api_json,MOFX-DB category=exp; composition=1.0; origin and units require final verification.
hMOF-5,N2,298.0,K,0.9,bar,0.0636997,mol/kg,5380731,10.1039/C2EE23201D,,db_mofxdb,https://mof.tech.northwestern.edu/isotherms/5380731.json,,web_api_json,MOFX-DB category=exp; composition=1.0; origin and units require final verification.
hMOF-5,CH4,298.0,K,2.5,bar,0.239088,mol/kg,5518383,10.1039/C2EE23201D,,db_mofxdb,https://mof.tech.northwestern.edu/isotherms/5518383.json,,web_api_json,MOFX-DB category=exp; composition=1.0; origin and units require final verification.
hMOF-5,CH4,298.0,K,4.5,bar,0.279719,mol/kg,5518383,10.1039/C2EE23201D,,db_mofxdb,https://mof.tech.northwestern.edu/isotherms/5518383.json,,web_api_json,MOFX-DB category=exp; composition=1.0; origin and units require final verification.
hMOF-5,CH4,298.0,K,0.05,bar,0.00602821,mol/kg,5518383,10.1039/C2EE23201D,,db_mofxdb,https://mof.tech.northwestern.edu/isotherms/5518383.json,,web_api_json,MOFX-DB category=exp; composition=1.0; origin and units require final verification.
hMOF-5,CH4,298.0,K,0.5,bar,0.0452828,mol/kg,5518383,10.1039/C2EE23201D,,db_mofxdb,https://mof.tech.northwestern.edu/isotherms/5518383.json,,web_api_json,MOFX-DB category=exp; composition=1.0; origin and units require final verification.
hMOF-5,CH4,298.0,K,0.9,bar,0.0568646,mol/kg,5518383,10.1039/C2EE23201D,,db_mofxdb,https://mof.tech.northwestern.edu/isotherms/5518383.json,,web_api_json,MOFX-DB category=exp; composition=1.0; origin and units require final verification.
hMOF-5,CH4,298.0,K,35.0,bar,69.7289,cm3(STP)/cm3,5737344,10.1038/nchem.1192,,db_mofxdb,https://mof.tech.northwestern.edu/isotherms/5737344.json,,web_api_json,MOFX-DB category=exp; composition=1.0; origin and units require final verification.
hMOF-5,Xe,273.0,K,1.0,bar,9.49e-05,mol/kg,6012949,10.1039/C2SC01097F,,db_mofxdb,https://mof.tech.northwestern.edu/isotherms/6012949.json,,web_api_json,MOFX-DB category=exp; composition=0.2; origin and units require final verification.
hMOF-5,Kr,273.0,K,1.0,bar,0.400853,mol/kg,6012949,10.1039/C2SC01097F,,db_mofxdb,https://mof.tech.northwestern.edu/isotherms/6012949.json,,web_api_json,MOFX-DB category=exp; composition=0.8; origin and units require final verification.
hMOF-5,Xe,273.0,K,5.0,bar,0.000237331,mol/kg,6012949,10.1039/C2SC01097F,,db_mofxdb,https://mof.tech.northwestern.edu/isotherms/6012949.json,,web_api_json,MOFX-DB category=exp; composition=0.2; origin and units require final verification.
hMOF-5,Kr,273.0,K,5.0,bar,1.22582,mol/kg,6012949,10.1039/C2SC01097F,,db_mofxdb,https://mof.tech.northwestern.edu/isotherms/6012949.json,,web_api_json,MOFX-DB category=exp; composition=0.8; origin and units require final verification.
hMOF-5,Xe,273.0,K,10.0,bar,0.000617061,mol/kg,6012949,10.1039/C2SC01097F,,db_mofxdb,https://mof.tech.northwestern.edu/isotherms/6012949.json,,web_api_json,MOFX-DB category=exp; composition=0.2; origin and units require final verification.
hMOF-5,Kr,273.0,K,10.0,bar,1.58713,mol/kg,6012949,10.1039/C2SC01097F,,db_mofxdb,https://mof.tech.northwestern.edu/isotherms/6012949.json,,web_api_json,MOFX-DB category=exp; composition=0.8; origin and units require final verification.
hMOF-5,H2,77.0,K,2.0,bar,10.6441,g/l,6150835,10.1021/acs.jpcc.6b08729,,db_mofxdb,https://mof.tech.northwestern.edu/isotherms/6150835.json,,web_api_json,MOFX-DB category=exp; composition=1.0; origin and units require final verification.
hMOF-5,H2,77.0,K,100.0,bar,16.2733,g/l,6150835,10.1021/acs.jpcc.6b08729,,db_mofxdb,https://mof.tech.northwestern.edu/isotherms/6150835.json,,web_api_json,MOFX-DB category=exp; composition=1.0; origin and units require final verification.
hMOF-3,CO2,298.0,K,0.01,bar,0.14368,mol/kg,5105124,10.1039/C2EE23201D,,db_mofxdb,https://mof.tech.northwestern.edu/isotherms/5105124.json,,web_api_json,MOFX-DB category=exp; composition=1.0; origin and units require final verification.
hMOF-3,CO2,298.0,K,0.1,bar,0.519044,mol/kg,5105124,10.1039/C2EE23201D,,db_mofxdb,https://mof.tech.northwestern.edu/isotherms/5105124.json,,web_api_json,MOFX-DB category=exp; composition=1.0; origin and units require final verification.
hMOF-3,CO2,298.0,K,2.5,bar,8.77319,mol/kg,5105124,10.1039/C2EE23201D,,db_mofxdb,https://mof.tech.northwestern.edu/isotherms/5105124.json,,web_api_json,MOFX-DB category=exp; composition=1.0; origin and units require final verification.
hMOF-3,CO2,298.0,K,0.05,bar,0.247774,mol/kg,5105124,10.1039/C2EE23201D,,db_mofxdb,https://mof.tech.northwestern.edu/isotherms/5105124.json,,web_api_json,MOFX-DB category=exp; composition=1.0; origin and units require final verification.
hMOF-3,CO2,298.0,K,0.5,bar,2.52644,mol/kg,5105124,10.1039/C2EE23201D,,db_mofxdb,https://mof.tech.northwestern.edu/isotherms/5105124.json,,web_api_json,MOFX-DB category=exp; composition=1.0; origin and units require final verification.
hMOF-3,N2,298.0,K,0.09,bar,0.0142399,mol/kg,5380729,10.1039/C2EE23201D,,db_mofxdb,https://mof.tech.northwestern.edu/isotherms/5380729.json,,web_api_json,MOFX-DB category=exp; composition=1.0; origin and units require final verification.
hMOF-3,N2,298.0,K,0.9,bar,0.158775,mol/kg,5380729,10.1039/C2EE23201D,,db_mofxdb,https://mof.tech.northwestern.edu/isotherms/5380729.json,,web_api_json,MOFX-DB category=exp; composition=1.0; origin and units require final verification.
hMOF-3,CH4,298.0,K,2.5,bar,0.684226,mol/kg,5518381,10.1039/C2EE23201D,,db_mofxdb,https://mof.tech.northwestern.edu/isotherms/5518381.json,,web_api_json,MOFX-DB category=exp; composition=1.0; origin and units require final verification.
hMOF-3,CH4,298.0,K,4.5,bar,1.19045,mol/kg,5518381,10.1039/C2EE23201D,,db_mofxdb,https://mof.tech.northwestern.edu/isotherms/5518381.json,,web_api_json,MOFX-DB category=exp; composition=1.0; origin and units require final verification.
hMOF-3,CH4,298.0,K,0.05,bar,0.0138127,mol/kg,5518381,10.1039/C2EE23201D,,db_mofxdb,https://mof.tech.northwestern.edu/isotherms/5518381.json,,web_api_json,MOFX-DB category=exp; composition=1.0; origin and units require final verification.
hMOF-3,CH4,298.0,K,0.5,bar,0.143396,mol/kg,5518381,10.1039/C2EE23201D,,db_mofxdb,https://mof.tech.northwestern.edu/isotherms/5518381.json,,web_api_json,MOFX-DB category=exp; composition=1.0; origin and units require final verification.
hMOF-3,CH4,298.0,K,0.9,bar,0.272124,mol/kg,5518381,10.1039/C2EE23201D,,db_mofxdb,https://mof.tech.northwestern.edu/isotherms/5518381.json,,web_api_json,MOFX-DB category=exp; composition=1.0; origin and units require final verification.
hMOF-3,CH4,298.0,K,35.0,bar,127.489,cm3(STP)/cm3,5737342,10.1038/nchem.1192,,db_mofxdb,https://mof.tech.northwestern.edu/isotherms/5737342.json,,web_api_json,MOFX-DB category=exp; composition=1.0; origin and units require final verification.
hMOF-3,Xe,273.0,K,1.0,bar,0.2529,mol/kg,6012947,10.1039/C2SC01097F,,db_mofxdb,https://mof.tech.northwestern.edu/isotherms/6012947.json,,web_api_json,MOFX-DB category=exp; composition=0.2; origin and units require final verification.
hMOF-3,Kr,273.0,K,1.0,bar,0.33008,mol/kg,6012947,10.1039/C2SC01097F,,db_mofxdb,https://mof.tech.northwestern.edu/isotherms/6012947.json,,web_api_json,MOFX-DB category=exp; composition=0.8; origin and units require final verification.
hMOF-3,Xe,273.0,K,5.0,bar,1.39764,mol/kg,6012947,10.1039/C2SC01097F,,db_mofxdb,https://mof.tech.northwestern.edu/isotherms/6012947.json,,web_api_json,MOFX-DB category=exp; composition=0.2; origin and units require final verification.
hMOF-3,Kr,273.0,K,5.0,bar,1.6729,mol/kg,6012947,10.1039/C2SC01097F,,db_mofxdb,https://mof.tech.northwestern.edu/isotherms/6012947.json,,web_api_json,MOFX-DB category=exp; composition=0.8; origin and units require final verification.
hMOF-3,Xe,273.0,K,10.0,bar,3.02441,mol/kg,6012947,10.1039/C2SC01097F,,db_mofxdb,https://mof.tech.northwestern.edu/isotherms/6012947.json,,web_api_json,MOFX-DB category=exp; composition=0.2; origin and units require final verification.
hMOF-3,Kr,273.0,K,10.0,bar,3.52622,mol/kg,6012947,10.1039/C2SC01097F,,db_mofxdb,https://mof.tech.northwestern.edu/isotherms/6012947.json,,web_api_json,MOFX-DB category=exp; composition=0.8; origin and units require final verification.
hMOF-3,H2,77.0,K,2.0,bar,9.20032,g/l,6150833,10.1021/acs.jpcc.6b08729,,db_mofxdb,https://mof.tech.northwestern.edu/isotherms/6150833.json,,web_api_json,MOFX-DB category=exp; composition=1.0; origin and units require final verification.
hMOF-3,H2,77.0,K,100.0,bar,50.4022,g/l,6150833,10.1021/acs.jpcc.6b08729,,db_mofxdb,https://mof.tech.northwestern.edu/isotherms/6150833.json,,web_api_json,MOFX-DB category=exp; composition=1.0; origin and units require final verification.
hMOF-4,CO2,298.0,K,0.01,bar,2.22284,mol/kg,5105125,10.1039/C2EE23201D,,db_mofxdb,https://mof.tech.northwestern.edu/isotherms/5105125.json,,web_api_json,MOFX-DB category=exp; composition=1.0; origin and units require final verification.
hMOF-4,CO2,298.0,K,0.1,bar,4.22013,mol/kg,5105125,10.1039/C2EE23201D,,db_mofxdb,https://mof.tech.northwestern.edu/isotherms/5105125.json,,web_api_json,MOFX-DB category=exp; composition=1.0; origin and units require final verification.
hMOF-4,CO2,298.0,K,2.5,bar,5.88235,mol/kg,5105125,10.1039/C2EE23201D,,db_mofxdb,https://mof.tech.northwestern.edu/isotherms/5105125.json,,web_api_json,MOFX-DB category=exp; composition=1.0; origin and units require final verification.
hMOF-4,CO2,298.0,K,0.05,bar,3.76509,mol/kg,5105125,10.1039/C2EE23201D,,db_mofxdb,https://mof.tech.northwestern.edu/isotherms/5105125.json,,web_api_json,MOFX-DB category=exp; composition=1.0; origin and units require final verification.
hMOF-4,CO2,298.0,K,0.5,bar,5.2558,mol/kg,5105125,10.1039/C2EE23201D,,db_mofxdb,https://mof.tech.northwestern.edu/isotherms/5105125.json,,web_api_json,MOFX-DB category=exp; composition=1.0; origin and units require final verification.
hMOF-4,N2,298.0,K,0.09,bar,0.00726234,mol/kg,5380730,10.1039/C2EE23201D,,db_mofxdb,https://mof.tech.northwestern.edu/isotherms/5380730.json,,web_api_json,MOFX-DB category=exp; composition=1.0; origin and units require final verification.
hMOF-4,N2,298.0,K,0.9,bar,0.0823065,mol/kg,5380730,10.1039/C2EE23201D,,db_mofxdb,https://mof.tech.northwestern.edu/isotherms/5380730.json,,web_api_json,MOFX-DB category=exp; composition=1.0; origin and units require final verification.
hMOF-4,CH4,298.0,K,2.5,bar,0.351013,mol/kg,5518382,10.1039/C2EE23201D,,db_mofxdb,https://mof.tech.northwestern.edu/isotherms/5518382.json,,web_api_json,MOFX-DB category=exp; composition=1.0; origin and units require final verification.
hMOF-4,CH4,298.0,K,4.5,bar,0.55863,mol/kg,5518382,10.1039/C2EE23201D,,db_mofxdb,https://mof.tech.northwestern.edu/isotherms/5518382.json,,web_api_json,MOFX-DB category=exp; composition=1.0; origin and units require final verification.
hMOF-4,CH4,298.0,K,0.05,bar,0.00918472,mol/kg,5518382,10.1039/C2EE23201D,,db_mofxdb,https://mof.tech.northwestern.edu/isotherms/5518382.json,,web_api_json,MOFX-DB category=exp; composition=1.0; origin and units require final verification.
hMOF-4,CH4,298.0,K,0.5,bar,0.088928,mol/kg,5518382,10.1039/C2EE23201D,,db_mofxdb,https://mof.tech.northwestern.edu/isotherms/5518382.json,,web_api_json,MOFX-DB category=exp; composition=1.0; origin and units require final verification.
hMOF-4,CH4,298.0,K,0.9,bar,0.12346,mol/kg,5518382,10.1039/C2EE23201D,,db_mofxdb,https://mof.tech.northwestern.edu/isotherms/5518382.json,,web_api_json,MOFX-DB category=exp; composition=1.0; origin and units require final verification.
hMOF-4,CH4,298.0,K,35.0,bar,60.9285,cm3(STP)/cm3,5737343,10.1038/nchem.1192,,db_mofxdb,https://mof.tech.northwestern.edu/isotherms/5737343.json,,web_api_json,MOFX-DB category=exp; composition=1.0; origin and units require final verification.
hMOF-4,Xe,273.0,K,1.0,bar,0.0858665,mol/kg,6012948,10.1039/C2SC01097F,,db_mofxdb,https://mof.tech.northwestern.edu/isotherms/6012948.json,,web_api_json,MOFX-DB category=exp; composition=0.2; origin and units require final verification.
hMOF-4,Kr,273.0,K,1.0,bar,0.313277,mol/kg,6012948,10.1039/C2SC01097F,,db_mofxdb,https://mof.tech.northwestern.edu/isotherms/6012948.json,,web_api_json,MOFX-DB category=exp; composition=0.8; origin and units require final verification.
hMOF-4,Xe,273.0,K,5.0,bar,0.214381,mol/kg,6012948,10.1039/C2SC01097F,,db_mofxdb,https://mof.tech.northwestern.edu/isotherms/6012948.json,,web_api_json,MOFX-DB category=exp; composition=0.2; origin and units require final verification.
hMOF-4,Kr,273.0,K,5.0,bar,1.07483,mol/kg,6012948,10.1039/C2SC01097F,,db_mofxdb,https://mof.tech.northwestern.edu/isotherms/6012948.json,,web_api_json,MOFX-DB category=exp; composition=0.8; origin and units require final verification.
hMOF-4,Xe,273.0,K,10.0,bar,0.259451,mol/kg,6012948,10.1039/C2SC01097F,,db_mofxdb,https://mof.tech.northwestern.edu/isotherms/6012948.json,,web_api_json,MOFX-DB category=exp; composition=0.2; origin and units require final verification.
hMOF-4,Kr,273.0,K,10.0,bar,1.3671,mol/kg,6012948,10.1039/C2SC01097F,,db_mofxdb,https://mof.tech.northwestern.edu/isotherms/6012948.json,,web_api_json,MOFX-DB category=exp; composition=0.8; origin and units require final verification.
hMOF-4,H2,77.0,K,2.0,bar,21.9006,g/l,6150834,10.1021/acs.jpcc.6b08729,,db_mofxdb,https://mof.tech.northwestern.edu/isotherms/6150834.json,,web_api_json,MOFX-DB category=exp; composition=1.0; origin and units require final verification.
hMOF-4,H2,77.0,K,100.0,bar,32.1096,g/l,6150834,10.1021/acs.jpcc.6b08729,,db_mofxdb,https://mof.tech.northwestern.edu/isotherms/6150834.json,,web_api_json,MOFX-DB category=exp; composition=1.0; origin and units require final verification.
hMOF-1,CO2,298.0,K,0.01,bar,0.173407,mol/kg,5105122,10.1039/C2EE23201D,,db_mofxdb,https://mof.tech.northwestern.edu/isotherms/5105122.json,,web_api_json,MOFX-DB category=exp; composition=1.0; origin and units require final verification.
hMOF-1,CO2,298.0,K,0.1,bar,1.80649,mol/kg,5105122,10.1039/C2EE23201D,,db_mofxdb,https://mof.tech.northwestern.edu/isotherms/5105122.json,,web_api_json,MOFX-DB category=exp; composition=1.0; origin and units require final verification.
hMOF-1,CO2,298.0,K,2.5,bar,7.34618,mol/kg,5105122,10.1039/C2EE23201D,,db_mofxdb,https://mof.tech.northwestern.edu/isotherms/5105122.json,,web_api_json,MOFX-DB category=exp; composition=1.0; origin and units require final verification.
hMOF-1,CO2,298.0,K,0.05,bar,0.925813,mol/kg,5105122,10.1039/C2EE23201D,,db_mofxdb,https://mof.tech.northwestern.edu/isotherms/5105122.json,,web_api_json,MOFX-DB category=exp; composition=1.0; origin and units require final verification.
hMOF-1,CO2,298.0,K,0.5,bar,4.77901,mol/kg,5105122,10.1039/C2EE23201D,,db_mofxdb,https://mof.tech.northwestern.edu/isotherms/5105122.json,,web_api_json,MOFX-DB category=exp; composition=1.0; origin and units require final verification.
hMOF-1,N2,298.0,K,0.09,bar,0.0187533,mol/kg,5380727,10.1039/C2EE23201D,,db_mofxdb,https://mof.tech.northwestern.edu/isotherms/5380727.json,,web_api_json,MOFX-DB category=exp; composition=1.0; origin and units require final verification.
hMOF-1,N2,298.0,K,0.9,bar,0.183555,mol/kg,5380727,10.1039/C2EE23201D,,db_mofxdb,https://mof.tech.northwestern.edu/isotherms/5380727.json,,web_api_json,MOFX-DB category=exp; composition=1.0; origin and units require final verification.
hMOF-1,CH4,298.0,K,2.5,bar,1.0238,mol/kg,5518379,10.1039/C2EE23201D,,db_mofxdb,https://mof.tech.northwestern.edu/isotherms/5518379.json,,web_api_json,MOFX-DB category=exp; composition=1.0; origin and units require final verification.
hMOF-1,CH4,298.0,K,4.5,bar,1.57016,mol/kg,5518379,10.1039/C2EE23201D,,db_mofxdb,https://mof.tech.northwestern.edu/isotherms/5518379.json,,web_api_json,MOFX-DB category=exp; composition=1.0; origin and units require final verification.
hMOF-1,CH4,298.0,K,0.05,bar,0.0337722,mol/kg,5518379,10.1039/C2EE23201D,,db_mofxdb,https://mof.tech.northwestern.edu/isotherms/5518379.json,,web_api_json,MOFX-DB category=exp; composition=1.0; origin and units require final verification.
hMOF-1,CH4,298.0,K,0.5,bar,0.279838,mol/kg,5518379,10.1039/C2EE23201D,,db_mofxdb,https://mof.tech.northwestern.edu/isotherms/5518379.json,,web_api_json,MOFX-DB category=exp; composition=1.0; origin and units require final verification.
hMOF-1,CH4,298.0,K,0.9,bar,0.527366,mol/kg,5518379,10.1039/C2EE23201D,,db_mofxdb,https://mof.tech.northwestern.edu/isotherms/5518379.json,,web_api_json,MOFX-DB category=exp; composition=1.0; origin and units require final verification.
hMOF-1,CH4,298.0,K,35.0,bar,127.695,cm3(STP)/cm3,5737340,10.1038/nchem.1192,,db_mofxdb,https://mof.tech.northwestern.edu/isotherms/5737340.json,,web_api_json,MOFX-DB category=exp; composition=1.0; origin and units require final verification.
hMOF-1,Xe,273.0,K,1.0,bar,0.567389,mol/kg,6012945,10.1039/C2SC01097F,,db_mofxdb,https://mof.tech.northwestern.edu/isotherms/6012945.json,,web_api_json,MOFX-DB category=exp; composition=0.2; origin and units require final verification.
hMOF-1,Kr,273.0,K,1.0,bar,0.727807,mol/kg,6012945,10.1039/C2SC01097F,,db_mofxdb,https://mof.tech.northwestern.edu/isotherms/6012945.json,,web_api_json,MOFX-DB category=exp; composition=0.8; origin and units require final verification.
hMOF-1,Xe,273.0,K,5.0,bar,0.822548,mol/kg,6012945,10.1039/C2SC01097F,,db_mofxdb,https://mof.tech.northwestern.edu/isotherms/6012945.json,,web_api_json,MOFX-DB category=exp; composition=0.2; origin and units require final verification.
hMOF-1,Kr,273.0,K,5.0,bar,2.19673,mol/kg,6012945,10.1039/C2SC01097F,,db_mofxdb,https://mof.tech.northwestern.edu/isotherms/6012945.json,,web_api_json,MOFX-DB category=exp; composition=0.8; origin and units require final verification.
hMOF-1,Xe,273.0,K,10.0,bar,0.873125,mol/kg,6012945,10.1039/C2SC01097F,,db_mofxdb,https://mof.tech.northwestern.edu/isotherms/6012945.json,,web_api_json,MOFX-DB category=exp; composition=0.2; origin and units require final verification.
hMOF-1,Kr,273.0,K,10.0,bar,3.4502,mol/kg,6012945,10.1039/C2SC01097F,,db_mofxdb,https://mof.tech.northwestern.edu/isotherms/6012945.json,,web_api_json,MOFX-DB category=exp; composition=0.8; origin and units require final verification.
hMOF-1,H2,77.0,K,2.0,bar,29.1705,g/l,6150831,10.1021/acs.jpcc.6b08729,,db_mofxdb,https://mof.tech.northwestern.edu/isotherms/6150831.json,,web_api_json,MOFX-DB category=exp; composition=1.0; origin and units require final verification.
hMOF-1,H2,77.0,K,100.0,bar,31.8303,g/l,6150831,10.1021/acs.jpcc.6b08729,,db_mofxdb,https://mof.tech.northwestern.edu/isotherms/6150831.json,,web_api_json,MOFX-DB category=exp; composition=1.0; origin and units require final verification.
hMOF-2,CO2,298.0,K,0.01,bar,0.333446,mol/kg,5105123,10.1039/C2EE23201D,,db_mofxdb,https://mof.tech.northwestern.edu/isotherms/5105123.json,,web_api_json,MOFX-DB category=exp; composition=1.0; origin and units require final verification.
hMOF-2,CO2,298.0,K,0.1,bar,0.854371,mol/kg,5105123,10.1039/C2EE23201D,,db_mofxdb,https://mof.tech.northwestern.edu/isotherms/5105123.json,,web_api_json,MOFX-DB category=exp; composition=1.0; origin and units require final verification.
hMOF-2,CO2,298.0,K,2.5,bar,1.4935,mol/kg,5105123,10.1039/C2EE23201D,,db_mofxdb,https://mof.tech.northwestern.edu/isotherms/5105123.json,,web_api_json,MOFX-DB category=exp; composition=1.0; origin and units require final verification.
hMOF-2,CO2,298.0,K,0.05,bar,0.863734,mol/kg,5105123,10.1039/C2EE23201D,,db_mofxdb,https://mof.tech.northwestern.edu/isotherms/5105123.json,,web_api_json,MOFX-DB category=exp; composition=1.0; origin and units require final verification.
hMOF-2,CO2,298.0,K,0.5,bar,1.35495,mol/kg,5105123,10.1039/C2EE23201D,,db_mofxdb,https://mof.tech.northwestern.edu/isotherms/5105123.json,,web_api_json,MOFX-DB category=exp; composition=1.0; origin and units require final verification.
hMOF-2,N2,298.0,K,0.09,bar,0.0218653,mol/kg,5380728,10.1039/C2EE23201D,,db_mofxdb,https://mof.tech.northwestern.edu/isotherms/5380728.json,,web_api_json,MOFX-DB category=exp; composition=1.0; origin and units require final verification.
hMOF-2,N2,298.0,K,0.9,bar,0.232617,mol/kg,5380728,10.1039/C2EE23201D,,db_mofxdb,https://mof.tech.northwestern.edu/isotherms/5380728.json,,web_api_json,MOFX-DB category=exp; composition=1.0; origin and units require final verification.
hMOF-2,CH4,298.0,K,2.5,bar,1.9741,mol/kg,5518380,10.1039/C2EE23201D,,db_mofxdb,https://mof.tech.northwestern.edu/isotherms/5518380.json,,web_api_json,MOFX-DB category=exp; composition=1.0; origin and units require final verification.
hMOF-2,CH4,298.0,K,4.5,bar,2.15817,mol/kg,5518380,10.1039/C2EE23201D,,db_mofxdb,https://mof.tech.northwestern.edu/isotherms/5518380.json,,web_api_json,MOFX-DB category=exp; composition=1.0; origin and units require final verification.
hMOF-2,CH4,298.0,K,0.05,bar,0.11804,mol/kg,5518380,10.1039/C2EE23201D,,db_mofxdb,https://mof.tech.northwestern.edu/isotherms/5518380.json,,web_api_json,MOFX-DB category=exp; composition=1.0; origin and units require final verification.
hMOF-2,CH4,298.0,K,0.5,bar,1.01847,mol/kg,5518380,10.1039/C2EE23201D,,db_mofxdb,https://mof.tech.northwestern.edu/isotherms/5518380.json,,web_api_json,MOFX-DB category=exp; composition=1.0; origin and units require final verification.
hMOF-2,CH4,298.0,K,0.9,bar,1.36399,mol/kg,5518380,10.1039/C2EE23201D,,db_mofxdb,https://mof.tech.northwestern.edu/isotherms/5518380.json,,web_api_json,MOFX-DB category=exp; composition=1.0; origin and units require final verification.
hMOF-2,CH4,298.0,K,35.0,bar,105.198,cm3(STP)/cm3,5737341,10.1038/nchem.1192,,db_mofxdb,https://mof.tech.northwestern.edu/isotherms/5737341.json,,web_api_json,MOFX-DB category=exp; composition=1.0; origin and units require final verification.
hMOF-2,Xe,273.0,K,1.0,bar,0.317805,mol/kg,6012946,10.1039/C2SC01097F,,db_mofxdb,https://mof.tech.northwestern.edu/isotherms/6012946.json,,web_api_json,MOFX-DB category=exp; composition=0.2; origin and units require final verification.
hMOF-2,Kr,273.0,K,1.0,bar,1.95825,mol/kg,6012946,10.1039/C2SC01097F,,db_mofxdb,https://mof.tech.northwestern.edu/isotherms/6012946.json,,web_api_json,MOFX-DB category=exp; composition=0.8; origin and units require final verification.
hMOF-2,Xe,273.0,K,5.0,bar,0.33047,mol/kg,6012946,10.1039/C2SC01097F,,db_mofxdb,https://mof.tech.northwestern.edu/isotherms/6012946.json,,web_api_json,MOFX-DB category=exp; composition=0.2; origin and units require final verification.
hMOF-2,Kr,273.0,K,5.0,bar,2.15649,mol/kg,6012946,10.1039/C2SC01097F,,db_mofxdb,https://mof.tech.northwestern.edu/isotherms/6012946.json,,web_api_json,MOFX-DB category=exp; composition=0.8; origin and units require final verification.
hMOF-2,Xe,273.0,K,10.0,bar,0.364079,mol/kg,6012946,10.1039/C2SC01097F,,db_mofxdb,https://mof.tech.northwestern.edu/isotherms/6012946.json,,web_api_json,MOFX-DB category=exp; composition=0.2; origin and units require final verification.
hMOF-2,Kr,273.0,K,10.0,bar,2.19286,mol/kg,6012946,10.1039/C2SC01097F,,db_mofxdb,https://mof.tech.northwestern.edu/isotherms/6012946.json,,web_api_json,MOFX-DB category=exp; composition=0.8; origin and units require final verification.
hMOF-2,H2,77.0,K,2.0,bar,13.0523,g/l,6150832,10.1021/acs.jpcc.6b08729,,db_mofxdb,https://mof.tech.northwestern.edu/isotherms/6150832.json,,web_api_json,MOFX-DB category=exp; composition=1.0; origin and units require final verification.
hMOF-2,H2,77.0,K,100.0,bar,13.9925,g/l,6150832,10.1021/acs.jpcc.6b08729,,db_mofxdb,https://mof.tech.northwestern.edu/isotherms/6150832.json,,web_api_json,MOFX-DB category=exp; composition=1.0; origin and units require final verification.
hMOF-8,CO2,298.0,K,0.01,bar,0.930434,mol/kg,5105129,10.1039/C2EE23201D,,db_mofxdb,https://mof.tech.northwestern.edu/isotherms/5105129.json,,web_api_json,MOFX-DB category=exp; composition=1.0; origin and units require final verification.
hMOF-8,CO2,298.0,K,0.1,bar,2.0167,mol/kg,5105129,10.1039/C2EE23201D,,db_mofxdb,https://mof.tech.northwestern.edu/isotherms/5105129.json,,web_api_json,MOFX-DB category=exp; composition=1.0; origin and units require final verification.
hMOF-8,CO2,298.0,K,2.5,bar,2.27838,mol/kg,5105129,10.1039/C2EE23201D,,db_mofxdb,https://mof.tech.northwestern.edu/isotherms/5105129.json,,web_api_json,MOFX-DB category=exp; composition=1.0; origin and units require final verification.
hMOF-8,CO2,298.0,K,0.05,bar,1.51365,mol/kg,5105129,10.1039/C2EE23201D,,db_mofxdb,https://mof.tech.northwestern.edu/isotherms/5105129.json,,web_api_json,MOFX-DB category=exp; composition=1.0; origin and units require final verification.
hMOF-8,CO2,298.0,K,0.5,bar,2.22299,mol/kg,5105129,10.1039/C2EE23201D,,db_mofxdb,https://mof.tech.northwestern.edu/isotherms/5105129.json,,web_api_json,MOFX-DB category=exp; composition=1.0; origin and units require final verification.
hMOF-8,N2,298.0,K,0.09,bar,0.0163284,mol/kg,5380734,10.1039/C2EE23201D,,db_mofxdb,https://mof.tech.northwestern.edu/isotherms/5380734.json,,web_api_json,MOFX-DB category=exp; composition=1.0; origin and units require final verification.
hMOF-8,N2,298.0,K,0.9,bar,0.21507,mol/kg,5380734,10.1039/C2EE23201D,,db_mofxdb,https://mof.tech.northwestern.edu/isotherms/5380734.json,,web_api_json,MOFX-DB category=exp; composition=1.0; origin and units require final verification.
hMOF-8,CH4,298.0,K,2.5,bar,0.545387,mol/kg,5518386,10.1039/C2EE23201D,,db_mofxdb,https://mof.tech.northwestern.edu/isotherms/5518386.json,,web_api_json,MOFX-DB category=exp; composition=1.0; origin and units require final verification.
hMOF-8,CH4,298.0,K,4.5,bar,0.869867,mol/kg,5518386,10.1039/C2EE23201D,,db_mofxdb,https://mof.tech.northwestern.edu/isotherms/5518386.json,,web_api_json,MOFX-DB category=exp; composition=1.0; origin and units require final verification.
hMOF-8,CH4,298.0,K,0.05,bar,0.0125311,mol/kg,5518386,10.1039/C2EE23201D,,db_mofxdb,https://mof.tech.northwestern.edu/isotherms/5518386.json,,web_api_json,MOFX-DB category=exp; composition=1.0; origin and units require final verification.
hMOF-8,CH4,298.0,K,0.5,bar,0.132716,mol/kg,5518386,10.1039/C2EE23201D,,db_mofxdb,https://mof.tech.northwestern.edu/isotherms/5518386.json,,web_api_json,MOFX-DB category=exp; composition=1.0; origin and units require final verification.
hMOF-8,CH4,298.0,K,0.9,bar,0.188821,mol/kg,5518386,10.1039/C2EE23201D,,db_mofxdb,https://mof.tech.northwestern.edu/isotherms/5518386.json,,web_api_json,MOFX-DB category=exp; composition=1.0; origin and units require final verification.
hMOF-8,CH4,298.0,K,35.0,bar,89.0112,cm3(STP)/cm3,5737347,10.1038/nchem.1192,,db_mofxdb,https://mof.tech.northwestern.edu/isotherms/5737347.json,,web_api_json,MOFX-DB category=exp; composition=1.0; origin and units require final verification.
hMOF-8,Xe,273.0,K,1.0,bar,0.00507889,mol/kg,6012952,10.1039/C2SC01097F,,db_mofxdb,https://mof.tech.northwestern.edu/isotherms/6012952.json,,web_api_json,MOFX-DB category=exp; composition=0.2; origin and units require final verification.
hMOF-8,Kr,273.0,K,1.0,bar,0.935702,mol/kg,6012952,10.1039/C2SC01097F,,db_mofxdb,https://mof.tech.northwestern.edu/isotherms/6012952.json,,web_api_json,MOFX-DB category=exp; composition=0.8; origin and units require final verification.
hMOF-8,Xe,273.0,K,5.0,bar,0.0080218,mol/kg,6012952,10.1039/C2SC01097F,,db_mofxdb,https://mof.tech.northwestern.edu/isotherms/6012952.json,,web_api_json,MOFX-DB category=exp; composition=0.2; origin and units require final verification.
hMOF-8,Kr,273.0,K,5.0,bar,1.65567,mol/kg,6012952,10.1039/C2SC01097F,,db_mofxdb,https://mof.tech.northwestern.edu/isotherms/6012952.json,,web_api_json,MOFX-DB category=exp; composition=0.8; origin and units require final verification.
hMOF-8,Xe,273.0,K,10.0,bar,0.00863886,mol/kg,6012952,10.1039/C2SC01097F,,db_mofxdb,https://mof.tech.northwestern.edu/isotherms/6012952.json,,web_api_json,MOFX-DB category=exp; composition=0.2; origin and units require final verification.
hMOF-8,Kr,273.0,K,10.0,bar,1.92789,mol/kg,6012952,10.1039/C2SC01097F,,db_mofxdb,https://mof.tech.northwestern.edu/isotherms/6012952.json,,web_api_json,MOFX-DB category=exp; composition=0.8; origin and units require final verification.
hMOF-8,H2,77.0,K,2.0,bar,12.9966,g/l,6150838,10.1021/acs.jpcc.6b08729,,db_mofxdb,https://mof.tech.northwestern.edu/isotherms/6150838.json,,web_api_json,MOFX-DB category=exp; composition=1.0; origin and units require final verification.
hMOF-8,H2,77.0,K,100.0,bar,14.0369,g/l,6150838,10.1021/acs.jpcc.6b08729,,db_mofxdb,https://mof.tech.northwestern.edu/isotherms/6150838.json,,web_api_json,MOFX-DB category=exp; composition=1.0; origin and units require final verification.
hMOF-9,CO2,298.0,K,0.01,bar,0.44189,mol/kg,5105130,10.1039/C2EE23201D,,db_mofxdb,https://mof.tech.northwestern.edu/isotherms/5105130.json,,web_api_json,MOFX-DB category=exp; composition=1.0; origin and units require final verification.
hMOF-9,CO2,298.0,K,0.1,bar,1.86576,mol/kg,5105130,10.1039/C2EE23201D,,db_mofxdb,https://mof.tech.northwestern.edu/isotherms/5105130.json,,web_api_json,MOFX-DB category=exp; composition=1.0; origin and units require final verification.
hMOF-9,CO2,298.0,K,2.5,bar,8.83391,mol/kg,5105130,10.1039/C2EE23201D,,db_mofxdb,https://mof.tech.northwestern.edu/isotherms/5105130.json,,web_api_json,MOFX-DB category=exp; composition=1.0; origin and units require final verification.
hMOF-9,CO2,298.0,K,0.05,bar,0.994454,mol/kg,5105130,10.1039/C2EE23201D,,db_mofxdb,https://mof.tech.northwestern.edu/isotherms/5105130.json,,web_api_json,MOFX-DB category=exp; composition=1.0; origin and units require final verification.
hMOF-9,CO2,298.0,K,0.5,bar,3.78142,mol/kg,5105130,10.1039/C2EE23201D,,db_mofxdb,https://mof.tech.northwestern.edu/isotherms/5105130.json,,web_api_json,MOFX-DB category=exp; composition=1.0; origin and units require final verification.
hMOF-9,N2,298.0,K,0.09,bar,0.0142199,mol/kg,5380735,10.1039/C2EE23201D,,db_mofxdb,https://mof.tech.northwestern.edu/isotherms/5380735.json,,web_api_json,MOFX-DB category=exp; composition=1.0; origin and units require final verification.
hMOF-9,N2,298.0,K,0.9,bar,0.140723,mol/kg,5380735,10.1039/C2EE23201D,,db_mofxdb,https://mof.tech.northwestern.edu/isotherms/5380735.json,,web_api_json,MOFX-DB category=exp; composition=1.0; origin and units require final verification.
hMOF-9,CH4,298.0,K,2.5,bar,0.674506,mol/kg,5518387,10.1039/C2EE23201D,,db_mofxdb,https://mof.tech.northwestern.edu/isotherms/5518387.json,,web_api_json,MOFX-DB category=exp; composition=1.0; origin and units require final verification.
hMOF-9,CH4,298.0,K,4.5,bar,1.20359,mol/kg,5518387,10.1039/C2EE23201D,,db_mofxdb,https://mof.tech.northwestern.edu/isotherms/5518387.json,,web_api_json,MOFX-DB category=exp; composition=1.0; origin and units require final verification.
hMOF-9,CH4,298.0,K,0.05,bar,0.0118052,mol/kg,5518387,10.1039/C2EE23201D,,db_mofxdb,https://mof.tech.northwestern.edu/isotherms/5518387.json,,web_api_json,MOFX-DB category=exp; composition=1.0; origin and units require final verification.
hMOF-9,CH4,298.0,K,0.5,bar,0.14126,mol/kg,5518387,10.1039/C2EE23201D,,db_mofxdb,https://mof.tech.northwestern.edu/isotherms/5518387.json,,web_api_json,MOFX-DB category=exp; composition=1.0; origin and units require final verification.
hMOF-9,CH4,298.0,K,0.9,bar,0.237177,mol/kg,5518387,10.1039/C2EE23201D,,db_mofxdb,https://mof.tech.northwestern.edu/isotherms/5518387.json,,web_api_json,MOFX-DB category=exp; composition=1.0; origin and units require final verification.
hMOF-9,CH4,298.0,K,35.0,bar,123.417,cm3(STP)/cm3,5737348,10.1038/nchem.1192,,db_mofxdb,https://mof.tech.northwestern.edu/isotherms/5737348.json,,web_api_json,MOFX-DB category=exp; composition=1.0; origin and units require final verification.
hMOF-9,Xe,273.0,K,1.0,bar,0.248848,mol/kg,6012953,10.1039/C2SC01097F,,db_mofxdb,https://mof.tech.northwestern.edu/isotherms/6012953.json,,web_api_json,MOFX-DB category=exp; composition=0.2; origin and units require final verification.
hMOF-9,Kr,273.0,K,1.0,bar,0.303447,mol/kg,6012953,10.1039/C2SC01097F,,db_mofxdb,https://mof.tech.northwestern.edu/isotherms/6012953.json,,web_api_json,MOFX-DB category=exp; composition=0.8; origin and units require final verification.
hMOF-9,Xe,273.0,K,5.0,bar,1.27282,mol/kg,6012953,10.1039/C2SC01097F,,db_mofxdb,https://mof.tech.northwestern.edu/isotherms/6012953.json,,web_api_json,MOFX-DB category=exp; composition=0.2; origin and units require final verification.
hMOF-9,Kr,273.0,K,5.0,bar,1.55896,mol/kg,6012953,10.1039/C2SC01097F,,db_mofxdb,https://mof.tech.northwestern.edu/isotherms/6012953.json,,web_api_json,MOFX-DB category=exp; composition=0.8; origin and units require final verification.
hMOF-9,Xe,273.0,K,10.0,bar,2.57729,mol/kg,6012953,10.1039/C2SC01097F,,db_mofxdb,https://mof.tech.northwestern.edu/isotherms/6012953.json,,web_api_json,MOFX-DB category=exp; composition=0.2; origin and units require final verification.
hMOF-9,Kr,273.0,K,10.0,bar,3.18298,mol/kg,6012953,10.1039/C2SC01097F,,db_mofxdb,https://mof.tech.northwestern.edu/isotherms/6012953.json,,web_api_json,MOFX-DB category=exp; composition=0.8; origin and units require final verification.
hMOF-9,H2,77.0,K,2.0,bar,8.82938,g/l,6150839,10.1021/acs.jpcc.6b08729,,db_mofxdb,https://mof.tech.northwestern.edu/isotherms/6150839.json,,web_api_json,MOFX-DB category=exp; composition=1.0; origin and units require final verification.
hMOF-9,H2,77.0,K,100.0,bar,48.7601,g/l,6150839,10.1021/acs.jpcc.6b08729,,db_mofxdb,https://mof.tech.northwestern.edu/isotherms/6150839.json,,web_api_json,MOFX-DB category=exp; composition=1.0; origin and units require final verification.
Zr-fum MOF (393 k),H2,77,K,0,bar,101.724,cm3(STP)/g,10.1016j.ijhydene.2015.06.109.Isotherm1,10.1016/j.ijhydene.2015.06.109,2015,db_nist_isodb,https://raw.githubusercontent.com/NIST-ISODB/isodb-library/master/Library/10.1016j.ijhydene.2015.06.109/10.1016j.ijhydene.2015.06.109.Isotherm1.json,Figure 2a,github_mirror_json,NIST category=exp; articleSource=Figure 2a; digitizer=David A. Anderegg.
Zr-fum MOF (393 k),H2,77,K,0.002793,bar,124.138,cm3(STP)/g,10.1016j.ijhydene.2015.06.109.Isotherm1,10.1016/j.ijhydene.2015.06.109,2015,db_nist_isodb,https://raw.githubusercontent.com/NIST-ISODB/isodb-library/master/Library/10.1016j.ijhydene.2015.06.109/10.1016j.ijhydene.2015.06.109.Isotherm1.json,Figure 2a,github_mirror_json,NIST category=exp; articleSource=Figure 2a; digitizer=David A. Anderegg.
Zr-fum MOF (393 k),H2,77,K,0.03352,bar,143.103,cm3(STP)/g,10.1016j.ijhydene.2015.06.109.Isotherm1,10.1016/j.ijhydene.2015.06.109,2015,db_nist_isodb,https://raw.githubusercontent.com/NIST-ISODB/isodb-library/master/Library/10.1016j.ijhydene.2015.06.109/10.1016j.ijhydene.2015.06.109.Isotherm1.json,Figure 2a,github_mirror_json,NIST category=exp; articleSource=Figure 2a; digitizer=David A. Anderegg.
Zr-fum MOF (393 k),H2,77,K,0.067039,bar,146.552,cm3(STP)/g,10.1016j.ijhydene.2015.06.109.Isotherm1,10.1016/j.ijhydene.2015.06.109,2015,db_nist_isodb,https://raw.githubusercontent.com/NIST-ISODB/isodb-library/master/Library/10.1016j.ijhydene.2015.06.109/10.1016j.ijhydene.2015.06.109.Isotherm1.json,Figure 2a,github_mirror_json,NIST category=exp; articleSource=Figure 2a; digitizer=David A. Anderegg.
Zr-fum MOF (393 k),H2,77,K,0.139665,bar,153.448,cm3(STP)/g,10.1016j.ijhydene.2015.06.109.Isotherm1,10.1016/j.ijhydene.2015.06.109,2015,db_nist_isodb,https://raw.githubusercontent.com/NIST-ISODB/isodb-library/master/Library/10.1016j.ijhydene.2015.06.109/10.1016j.ijhydene.2015.06.109.Isotherm1.json,Figure 2a,github_mirror_json,NIST category=exp; articleSource=Figure 2a; digitizer=David A. Anderegg.
Zr-fum MOF (393 k),H2,77,K,0.206704,bar,155.172,cm3(STP)/g,10.1016j.ijhydene.2015.06.109.Isotherm1,10.1016/j.ijhydene.2015.06.109,2015,db_nist_isodb,https://raw.githubusercontent.com/NIST-ISODB/isodb-library/master/Library/10.1016j.ijhydene.2015.06.109/10.1016j.ijhydene.2015.06.109.Isotherm1.json,Figure 2a,github_mirror_json,NIST category=exp; articleSource=Figure 2a; digitizer=David A. Anderegg.
Zr-fum MOF (393 k),H2,77,K,0.27095,bar,156.897,cm3(STP)/g,10.1016j.ijhydene.2015.06.109.Isotherm1,10.1016/j.ijhydene.2015.06.109,2015,db_nist_isodb,https://raw.githubusercontent.com/NIST-ISODB/isodb-library/master/Library/10.1016j.ijhydene.2015.06.109/10.1016j.ijhydene.2015.06.109.Isotherm1.json,Figure 2a,github_mirror_json,NIST category=exp; articleSource=Figure 2a; digitizer=David A. Anderegg.
Zr-fum MOF (393 k),H2,77,K,0.321229,bar,158.621,cm3(STP)/g,10.1016j.ijhydene.2015.06.109.Isotherm1,10.1016/j.ijhydene.2015.06.109,2015,db_nist_isodb,https://raw.githubusercontent.com/NIST-ISODB/isodb-library/master/Library/10.1016j.ijhydene.2015.06.109/10.1016j.ijhydene.2015.06.109.Isotherm1.json,Figure 2a,github_mirror_json,NIST category=exp; articleSource=Figure 2a; digitizer=David A. Anderegg.
Zr-fum MOF (393 k),H2,77,K,0.374302,bar,160.345,cm3(STP)/g,10.1016j.ijhydene.2015.06.109.Isotherm1,10.1016/j.ijhydene.2015.06.109,2015,db_nist_isodb,https://raw.githubusercontent.com/NIST-ISODB/isodb-library/master/Library/10.1016j.ijhydene.2015.06.109/10.1016j.ijhydene.2015.06.109.Isotherm1.json,Figure 2a,github_mirror_json,NIST category=exp; articleSource=Figure 2a; digitizer=David A. Anderegg.
Zr-fum MOF (393 k),H2,77,K,0.435754,bar,163.793,cm3(STP)/g,10.1016j.ijhydene.2015.06.109.Isotherm1,10.1016/j.ijhydene.2015.06.109,2015,db_nist_isodb,https://raw.githubusercontent.com/NIST-ISODB/isodb-library/master/Library/10.1016j.ijhydene.2015.06.109/10.1016j.ijhydene.2015.06.109.Isotherm1.json,Figure 2a,github_mirror_json,NIST category=exp; articleSource=Figure 2a; digitizer=David A. Anderegg.
Zr-fum MOF (393 k),H2,77,K,0.494413,bar,165.517,cm3(STP)/g,10.1016j.ijhydene.2015.06.109.Isotherm1,10.1016/j.ijhydene.2015.06.109,2015,db_nist_isodb,https://raw.githubusercontent.com/NIST-ISODB/isodb-library/master/Library/10.1016j.ijhydene.2015.06.109/10.1016j.ijhydene.2015.06.109.Isotherm1.json,Figure 2a,github_mirror_json,NIST category=exp; articleSource=Figure 2a; digitizer=David A. Anderegg.
Zr-fum MOF (393 k),H2,77,K,0.564246,bar,167.241,cm3(STP)/g,10.1016j.ijhydene.2015.06.109.Isotherm1,10.1016/j.ijhydene.2015.06.109,2015,db_nist_isodb,https://raw.githubusercontent.com/NIST-ISODB/isodb-library/master/Library/10.1016j.ijhydene.2015.06.109/10.1016j.ijhydene.2015.06.109.Isotherm1.json,Figure 2a,github_mirror_json,NIST category=exp; articleSource=Figure 2a; digitizer=David A. Anderegg.
Zr-fum MOF (393 k),H2,77,K,0.622905,bar,168.966,cm3(STP)/g,10.1016j.ijhydene.2015.06.109.Isotherm1,10.1016/j.ijhydene.2015.06.109,2015,db_nist_isodb,https://raw.githubusercontent.com/NIST-ISODB/isodb-library/master/Library/10.1016j.ijhydene.2015.06.109/10.1016j.ijhydene.2015.06.109.Isotherm1.json,Figure 2a,github_mirror_json,NIST category=exp; articleSource=Figure 2a; digitizer=David A. Anderegg.
Zr-fum MOF (393 k),H2,77,K,0.670391,bar,170.69,cm3(STP)/g,10.1016j.ijhydene.2015.06.109.Isotherm1,10.1016/j.ijhydene.2015.06.109,2015,db_nist_isodb,https://raw.githubusercontent.com/NIST-ISODB/isodb-library/master/Library/10.1016j.ijhydene.2015.06.109/10.1016j.ijhydene.2015.06.109.Isotherm1.json,Figure 2a,github_mirror_json,NIST category=exp; articleSource=Figure 2a; digitizer=David A. Anderegg.
Zr-fum MOF (393 k),H2,77,K,0.740223,bar,174.138,cm3(STP)/g,10.1016j.ijhydene.2015.06.109.Isotherm1,10.1016/j.ijhydene.2015.06.109,2015,db_nist_isodb,https://raw.githubusercontent.com/NIST-ISODB/isodb-library/master/Library/10.1016j.ijhydene.2015.06.109/10.1016j.ijhydene.2015.06.109.Isotherm1.json,Figure 2a,github_mirror_json,NIST category=exp; articleSource=Figure 2a; digitizer=David A. Anderegg.
Zr-fum MOF (393 k),H2,77,K,0.782123,bar,177.586,cm3(STP)/g,10.1016j.ijhydene.2015.06.109.Isotherm1,10.1016/j.ijhydene.2015.06.109,2015,db_nist_isodb,https://raw.githubusercontent.com/NIST-ISODB/isodb-library/master/Library/10.1016j.ijhydene.2015.06.109/10.1016j.ijhydene.2015.06.109.Isotherm1.json,Figure 2a,github_mirror_json,NIST category=exp; articleSource=Figure 2a; digitizer=David A. Anderegg.
Zr-fum MOF (393 k),H2,77,K,0.807263,bar,179.31,cm3(STP)/g,10.1016j.ijhydene.2015.06.109.Isotherm1,10.1016/j.ijhydene.2015.06.109,2015,db_nist_isodb,https://raw.githubusercontent.com/NIST-ISODB/isodb-library/master/Library/10.1016j.ijhydene.2015.06.109/10.1016j.ijhydene.2015.06.109.Isotherm1.json,Figure 2a,github_mirror_json,NIST category=exp; articleSource=Figure 2a; digitizer=David A. Anderegg.
Zr-fum MOF (393 k),H2,77,K,0.832402,bar,182.759,cm3(STP)/g,10.1016j.ijhydene.2015.06.109.Isotherm1,10.1016/j.ijhydene.2015.06.109,2015,db_nist_isodb,https://raw.githubusercontent.com/NIST-ISODB/isodb-library/master/Library/10.1016j.ijhydene.2015.06.109/10.1016j.ijhydene.2015.06.109.Isotherm1.json,Figure 2a,github_mirror_json,NIST category=exp; articleSource=Figure 2a; digitizer=David A. Anderegg.
Zr-fum MOF (393 k),H2,77,K,0.865922,bar,187.931,cm3(STP)/g,10.1016j.ijhydene.2015.06.109.Isotherm1,10.1016/j.ijhydene.2015.06.109,2015,db_nist_isodb,https://raw.githubusercontent.com/NIST-ISODB/isodb-library/master/Library/10.1016j.ijhydene.2015.06.109/10.1016j.ijhydene.2015.06.109.Isotherm1.json,Figure 2a,github_mirror_json,NIST category=exp; articleSource=Figure 2a; digitizer=David A. Anderegg.
Zr-fum MOF (393 k),H2,77,K,0.871508,bar,189.655,cm3(STP)/g,10.1016j.ijhydene.2015.06.109.Isotherm1,10.1016/j.ijhydene.2015.06.109,2015,db_nist_isodb,https://raw.githubusercontent.com/NIST-ISODB/isodb-library/master/Library/10.1016j.ijhydene.2015.06.109/10.1016j.ijhydene.2015.06.109.Isotherm1.json,Figure 2a,github_mirror_json,NIST category=exp; articleSource=Figure 2a; digitizer=David A. Anderegg.
Zr-fum MOF (393 k),H2,77,K,0.899441,bar,194.828,cm3(STP)/g,10.1016j.ijhydene.2015.06.109.Isotherm1,10.1016/j.ijhydene.2015.06.109,2015,db_nist_isodb,https://raw.githubusercontent.com/NIST-ISODB/isodb-library/master/Library/10.1016j.ijhydene.2015.06.109/10.1016j.ijhydene.2015.06.109.Isotherm1.json,Figure 2a,github_mirror_json,NIST category=exp; articleSource=Figure 2a; digitizer=David A. Anderegg.
Zr-fum MOF (393 k),H2,77,K,0.918994,bar,205.172,cm3(STP)/g,10.1016j.ijhydene.2015.06.109.Isotherm1,10.1016/j.ijhydene.2015.06.109,2015,db_nist_isodb,https://raw.githubusercontent.com/NIST-ISODB/isodb-library/master/Library/10.1016j.ijhydene.2015.06.109/10.1016j.ijhydene.2015.06.109.Isotherm1.json,Figure 2a,github_mirror_json,NIST category=exp; articleSource=Figure 2a; digitizer=David A. Anderegg.
Zr-fum MOF (393 k),H2,77,K,0.930168,bar,206.897,cm3(STP)/g,10.1016j.ijhydene.2015.06.109.Isotherm1,10.1016/j.ijhydene.2015.06.109,2015,db_nist_isodb,https://raw.githubusercontent.com/NIST-ISODB/isodb-library/master/Library/10.1016j.ijhydene.2015.06.109/10.1016j.ijhydene.2015.06.109.Isotherm1.json,Figure 2a,github_mirror_json,NIST category=exp; articleSource=Figure 2a; digitizer=David A. Anderegg.
Zr-fum MOF (393 k),H2,77,K,0.946927,bar,218.966,cm3(STP)/g,10.1016j.ijhydene.2015.06.109.Isotherm1,10.1016/j.ijhydene.2015.06.109,2015,db_nist_isodb,https://raw.githubusercontent.com/NIST-ISODB/isodb-library/master/Library/10.1016j.ijhydene.2015.06.109/10.1016j.ijhydene.2015.06.109.Isotherm1.json,Figure 2a,github_mirror_json,NIST category=exp; articleSource=Figure 2a; digitizer=David A. Anderegg.
Zr-fum MOF (393 k),H2,77,K,0.958101,bar,232.759,cm3(STP)/g,10.1016j.ijhydene.2015.06.109.Isotherm1,10.1016/j.ijhydene.2015.06.109,2015,db_nist_isodb,https://raw.githubusercontent.com/NIST-ISODB/isodb-library/master/Library/10.1016j.ijhydene.2015.06.109/10.1016j.ijhydene.2015.06.109.Isotherm1.json,Figure 2a,github_mirror_json,NIST category=exp; articleSource=Figure 2a; digitizer=David A. Anderegg.
Zr-fum MOF (393 k),H2,77,K,0.960894,bar,275.862,cm3(STP)/g,10.1016j.ijhydene.2015.06.109.Isotherm1,10.1016/j.ijhydene.2015.06.109,2015,db_nist_isodb,https://raw.githubusercontent.com/NIST-ISODB/isodb-library/master/Library/10.1016j.ijhydene.2015.06.109/10.1016j.ijhydene.2015.06.109.Isotherm1.json,Figure 2a,github_mirror_json,NIST category=exp; articleSource=Figure 2a; digitizer=David A. Anderegg.
Zr-fum MOF (393 k),H2,77,K,0.97486,bar,275.862,cm3(STP)/g,10.1016j.ijhydene.2015.06.109.Isotherm1,10.1016/j.ijhydene.2015.06.109,2015,db_nist_isodb,https://raw.githubusercontent.com/NIST-ISODB/isodb-library/master/Library/10.1016j.ijhydene.2015.06.109/10.1016j.ijhydene.2015.06.109.Isotherm1.json,Figure 2a,github_mirror_json,NIST category=exp; articleSource=Figure 2a; digitizer=David A. Anderegg.
Zr-fum MOF (393 k),H2,77,K,0.980447,bar,343.103,cm3(STP)/g,10.1016j.ijhydene.2015.06.109.Isotherm1,10.1016/j.ijhydene.2015.06.109,2015,db_nist_isodb,https://raw.githubusercontent.com/NIST-ISODB/isodb-library/master/Library/10.1016j.ijhydene.2015.06.109/10.1016j.ijhydene.2015.06.109.Isotherm1.json,Figure 2a,github_mirror_json,NIST category=exp; articleSource=Figure 2a; digitizer=David A. Anderegg.
Zr-fum MOF (393 k),H2,77,K,0.99162,bar,479.31,cm3(STP)/g,10.1016j.ijhydene.2015.06.109.Isotherm1,10.1016/j.ijhydene.2015.06.109,2015,db_nist_isodb,https://raw.githubusercontent.com/NIST-ISODB/isodb-library/master/Library/10.1016j.ijhydene.2015.06.109/10.1016j.ijhydene.2015.06.109.Isotherm1.json,Figure 2a,github_mirror_json,NIST category=exp; articleSource=Figure 2a; digitizer=David A. Anderegg.
Zr-fum MOF (433 k),H2,77,K,0,bar,0,cm3(STP)/g,10.1016j.ijhydene.2015.06.109.Isotherm2,10.1016/j.ijhydene.2015.06.109,2015,db_nist_isodb,https://raw.githubusercontent.com/NIST-ISODB/isodb-library/master/Library/10.1016j.ijhydene.2015.06.109/10.1016j.ijhydene.2015.06.109.Isotherm2.json,Figure 2a,github_mirror_json,NIST category=exp; articleSource=Figure 2a; digitizer=David A. Anderegg.
Zr-fum MOF (433 k),H2,77,K,0.002793,bar,17.2414,cm3(STP)/g,10.1016j.ijhydene.2015.06.109.Isotherm2,10.1016/j.ijhydene.2015.06.109,2015,db_nist_isodb,https://raw.githubusercontent.com/NIST-ISODB/isodb-library/master/Library/10.1016j.ijhydene.2015.06.109/10.1016j.ijhydene.2015.06.109.Isotherm2.json,Figure 2a,github_mirror_json,NIST category=exp; articleSource=Figure 2a; digitizer=David A. Anderegg.
Zr-fum MOF (433 k),H2,77,K,0.00838,bar,163.793,cm3(STP)/g,10.1016j.ijhydene.2015.06.109.Isotherm2,10.1016/j.ijhydene.2015.06.109,2015,db_nist_isodb,https://raw.githubusercontent.com/NIST-ISODB/isodb-library/master/Library/10.1016j.ijhydene.2015.06.109/10.1016j.ijhydene.2015.06.109.Isotherm2.json,Figure 2a,github_mirror_json,NIST category=exp; articleSource=Figure 2a; digitizer=David A. Anderegg.
Zr-fum MOF (433 k),H2,77,K,0.013966,bar,167.241,cm3(STP)/g,10.1016j.ijhydene.2015.06.109.Isotherm2,10.1016/j.ijhydene.2015.06.109,2015,db_nist_isodb,https://raw.githubusercontent.com/NIST-ISODB/isodb-library/master/Library/10.1016j.ijhydene.2015.06.109/10.1016j.ijhydene.2015.06.109.Isotherm2.json,Figure 2a,github_mirror_json,NIST category=exp; articleSource=Figure 2a; digitizer=David A. Anderegg.
Zr-fum MOF (433 k),H2,77,K,0.022346,bar,172.414,cm3(STP)/g,10.1016j.ijhydene.2015.06.109.Isotherm2,10.1016/j.ijhydene.2015.06.109,2015,db_nist_isodb,https://raw.githubusercontent.com/NIST-ISODB/isodb-library/master/Library/10.1016j.ijhydene.2015.06.109/10.1016j.ijhydene.2015.06.109.Isotherm2.json,Figure 2a,github_mirror_json,NIST category=exp; articleSource=Figure 2a; digitizer=David A. Anderegg.
Zr-fum MOF (433 k),H2,77,K,0.03352,bar,177.586,cm3(STP)/g,10.1016j.ijhydene.2015.06.109.Isotherm2,10.1016/j.ijhydene.2015.06.109,2015,db_nist_isodb,https://raw.githubusercontent.com/NIST-ISODB/isodb-library/master/Library/10.1016j.ijhydene.2015.06.109/10.1016j.ijhydene.2015.06.109.Isotherm2.json,Figure 2a,github_mirror_json,NIST category=exp; articleSource=Figure 2a; digitizer=David A. Anderegg.
Zr-fum MOF (433 k),H2,77,K,0.067039,bar,182.759,cm3(STP)/g,10.1016j.ijhydene.2015.06.109.Isotherm2,10.1016/j.ijhydene.2015.06.109,2015,db_nist_isodb,https://raw.githubusercontent.com/NIST-ISODB/isodb-library/master/Library/10.1016j.ijhydene.2015.06.109/10.1016j.ijhydene.2015.06.109.Isotherm2.json,Figure 2a,github_mirror_json,NIST category=exp; articleSource=Figure 2a; digitizer=David A. Anderegg.
Zr-fum MOF (433 k),H2,77,K,0.139665,bar,189.655,cm3(STP)/g,10.1016j.ijhydene.2015.06.109.Isotherm2,10.1016/j.ijhydene.2015.06.109,2015,db_nist_isodb,https://raw.githubusercontent.com/NIST-ISODB/isodb-library/master/Library/10.1016j.ijhydene.2015.06.109/10.1016j.ijhydene.2015.06.109.Isotherm2.json,Figure 2a,github_mirror_json,NIST category=exp; articleSource=Figure 2a; digitizer=David A. Anderegg.
Zr-fum MOF (433 k),H2,77,K,0.206704,bar,191.379,cm3(STP)/g,10.1016j.ijhydene.2015.06.109.Isotherm2,10.1016/j.ijhydene.2015.06.109,2015,db_nist_isodb,https://raw.githubusercontent.com/NIST-ISODB/isodb-library/master/Library/10.1016j.ijhydene.2015.06.109/10.1016j.ijhydene.2015.06.109.Isotherm2.json,Figure 2a,github_mirror_json,NIST category=exp; articleSource=Figure 2a; digitizer=David A. Anderegg.
Zr-fum MOF (433 k),H2,77,K,0.276536,bar,193.103,cm3(STP)/g,10.1016j.ijhydene.2015.06.109.Isotherm2,10.1016/j.ijhydene.2015.06.109,2015,db_nist_isodb,https://raw.githubusercontent.com/NIST-ISODB/isodb-library/master/Library/10.1016j.ijhydene.2015.06.109/10.1016j.ijhydene.2015.06.109.Isotherm2.json,Figure 2a,github_mirror_json,NIST category=exp; articleSource=Figure 2a; digitizer=David A. Anderegg.
Zr-fum MOF (433 k),H2,77,K,0.321229,bar,196.552,cm3(STP)/g,10.1016j.ijhydene.2015.06.109.Isotherm2,10.1016/j.ijhydene.2015.06.109,2015,db_nist_isodb,https://raw.githubusercontent.com/NIST-ISODB/isodb-library/master/Library/10.1016j.ijhydene.2015.06.109/10.1016j.ijhydene.2015.06.109.Isotherm2.json,Figure 2a,github_mirror_json,NIST category=exp; articleSource=Figure 2a; digitizer=David A. Anderegg.
Zr-fum MOF (433 k),H2,77,K,0.374302,bar,198.276,cm3(STP)/g,10.1016j.ijhydene.2015.06.109.Isotherm2,10.1016/j.ijhydene.2015.06.109,2015,db_nist_isodb,https://raw.githubusercontent.com/NIST-ISODB/isodb-library/master/Library/10.1016j.ijhydene.2015.06.109/10.1016j.ijhydene.2015.06.109.Isotherm2.json,Figure 2a,github_mirror_json,NIST category=exp; articleSource=Figure 2a; digitizer=David A. Anderegg.
Zr-fum MOF (433 k),H2,77,K,0.438547,bar,201.724,cm3(STP)/g,10.1016j.ijhydene.2015.06.109.Isotherm2,10.1016/j.ijhydene.2015.06.109,2015,db_nist_isodb,https://raw.githubusercontent.com/NIST-ISODB/isodb-library/master/Library/10.1016j.ijhydene.2015.06.109/10.1016j.ijhydene.2015.06.109.Isotherm2.json,Figure 2a,github_mirror_json,NIST category=exp; articleSource=Figure 2a; digitizer=David A. Anderegg.
Zr-fum MOF (433 k),H2,77,K,0.494413,bar,201.724,cm3(STP)/g,10.1016j.ijhydene.2015.06.109.Isotherm2,10.1016/j.ijhydene.2015.06.109,2015,db_nist_isodb,https://raw.githubusercontent.com/NIST-ISODB/isodb-library/master/Library/10.1016j.ijhydene.2015.06.109/10.1016j.ijhydene.2015.06.109.Isotherm2.json,Figure 2a,github_mirror_json,NIST category=exp; articleSource=Figure 2a; digitizer=David A. Anderegg.
Zr-fum MOF (433 k),H2,77,K,0.564246,bar,203.448,cm3(STP)/g,10.1016j.ijhydene.2015.06.109.Isotherm2,10.1016/j.ijhydene.2015.06.109,2015,db_nist_isodb,https://raw.githubusercontent.com/NIST-ISODB/isodb-library/master/Library/10.1016j.ijhydene.2015.06.109/10.1016j.ijhydene.2015.06.109.Isotherm2.json,Figure 2a,github_mirror_json,NIST category=exp; articleSource=Figure 2a; digitizer=David A. Anderegg.
Zr-fum MOF (433 k),H2,77,K,0.622905,bar,205.172,cm3(STP)/g,10.1016j.ijhydene.2015.06.109.Isotherm2,10.1016/j.ijhydene.2015.06.109,2015,db_nist_isodb,https://raw.githubusercontent.com/NIST-ISODB/isodb-library/master/Library/10.1016j.ijhydene.2015.06.109/10.1016j.ijhydene.2015.06.109.Isotherm2.json,Figure 2a,github_mirror_json,NIST category=exp; articleSource=Figure 2a; digitizer=David A. Anderegg.
Zr-fum MOF (433 k),H2,77,K,0.667598,bar,206.897,cm3(STP)/g,10.1016j.ijhydene.2015.06.109.Isotherm2,10.1016/j.ijhydene.2015.06.109,2015,db_nist_isodb,https://raw.githubusercontent.com/NIST-ISODB/isodb-library/master/Library/10.1016j.ijhydene.2015.06.109/10.1016j.ijhydene.2015.06.109.Isotherm2.json,Figure 2a,github_mirror_json,NIST category=exp; articleSource=Figure 2a; digitizer=David A. Anderegg.
Zr-fum MOF (433 k),H2,77,K,0.743017,bar,210.345,cm3(STP)/g,10.1016j.ijhydene.2015.06.109.Isotherm2,10.1016/j.ijhydene.2015.06.109,2015,db_nist_isodb,https://raw.githubusercontent.com/NIST-ISODB/isodb-library/master/Library/10.1016j.ijhydene.2015.06.109/10.1016j.ijhydene.2015.06.109.Isotherm2.json,Figure 2a,github_mirror_json,NIST category=exp; articleSource=Figure 2a; digitizer=David A. Anderegg.
Zr-fum MOF (433 k),H2,77,K,0.75419,bar,212.069,cm3(STP)/g,10.1016j.ijhydene.2015.06.109.Isotherm2,10.1016/j.ijhydene.2015.06.109,2015,db_nist_isodb,https://raw.githubusercontent.com/NIST-ISODB/isodb-library/master/Library/10.1016j.ijhydene.2015.06.109/10.1016j.ijhydene.2015.06.109.Isotherm2.json,Figure 2a,github_mirror_json,NIST category=exp; articleSource=Figure 2a; digitizer=David A. Anderegg.
Zr-fum MOF (433 k),H2,77,K,0.790503,bar,215.517,cm3(STP)/g,10.1016j.ijhydene.2015.06.109.Isotherm2,10.1016/j.ijhydene.2015.06.109,2015,db_nist_isodb,https://raw.githubusercontent.com/NIST-ISODB/isodb-library/master/Library/10.1016j.ijhydene.2015.06.109/10.1016j.ijhydene.2015.06.109.Isotherm2.json,Figure 2a,github_mirror_json,NIST category=exp; articleSource=Figure 2a; digitizer=David A. Anderegg.
Zr-fum MOF (433 k),H2,77,K,0.807263,bar,215.517,cm3(STP)/g,10.1016j.ijhydene.2015.06.109.Isotherm2,10.1016/j.ijhydene.2015.06.109,2015,db_nist_isodb,https://raw.githubusercontent.com/NIST-ISODB/isodb-library/master/Library/10.1016j.ijhydene.2015.06.109/10.1016j.ijhydene.2015.06.109.Isotherm2.json,Figure 2a,github_mirror_json,NIST category=exp; articleSource=Figure 2a; digitizer=David A. Anderegg.
Zr-fum MOF (433 k),H2,77,K,0.826816,bar,217.241,cm3(STP)/g,10.1016j.ijhydene.2015.06.109.Isotherm2,10.1016/j.ijhydene.2015.06.109,2015,db_nist_isodb,https://raw.githubusercontent.com/NIST-ISODB/isodb-library/master/Library/10.1016j.ijhydene.2015.06.109/10.1016j.ijhydene.2015.06.109.Isotherm2.json,Figure 2a,github_mirror_json,NIST category=exp; articleSource=Figure 2a; digitizer=David A. Anderegg.
Zr-fum MOF (433 k),H2,77,K,0.871508,bar,224.138,cm3(STP)/g,10.1016j.ijhydene.2015.06.109.Isotherm2,10.1016/j.ijhydene.2015.06.109,2015,db_nist_isodb,https://raw.githubusercontent.com/NIST-ISODB/isodb-library/master/Library/10.1016j.ijhydene.2015.06.109/10.1016j.ijhydene.2015.06.109.Isotherm2.json,Figure 2a,github_mirror_json,NIST category=exp; articleSource=Figure 2a; digitizer=David A. Anderegg.
Zr-fum MOF (433 k),H2,77,K,0.902235,bar,229.31,cm3(STP)/g,10.1016j.ijhydene.2015.06.109.Isotherm2,10.1016/j.ijhydene.2015.06.109,2015,db_nist_isodb,https://raw.githubusercontent.com/NIST-ISODB/isodb-library/master/Library/10.1016j.ijhydene.2015.06.109/10.1016j.ijhydene.2015.06.109.Isotherm2.json,Figure 2a,github_mirror_json,NIST category=exp; articleSource=Figure 2a; digitizer=David A. Anderegg.
Zr-fum MOF (433 k),H2,77,K,0.918994,bar,237.931,cm3(STP)/g,10.1016j.ijhydene.2015.06.109.Isotherm2,10.1016/j.ijhydene.2015.06.109,2015,db_nist_isodb,https://raw.githubusercontent.com/NIST-ISODB/isodb-library/master/Library/10.1016j.ijhydene.2015.06.109/10.1016j.ijhydene.2015.06.109.Isotherm2.json,Figure 2a,github_mirror_json,NIST category=exp; articleSource=Figure 2a; digitizer=David A. Anderegg.
Zr-fum MOF (433 k),H2,77,K,0.935754,bar,241.379,cm3(STP)/g,10.1016j.ijhydene.2015.06.109.Isotherm2,10.1016/j.ijhydene.2015.06.109,2015,db_nist_isodb,https://raw.githubusercontent.com/NIST-ISODB/isodb-library/master/Library/10.1016j.ijhydene.2015.06.109/10.1016j.ijhydene.2015.06.109.Isotherm2.json,Figure 2a,github_mirror_json,NIST category=exp; articleSource=Figure 2a; digitizer=David A. Anderegg.
Zr-fum MOF (433 k),H2,77,K,0.946927,bar,248.276,cm3(STP)/g,10.1016j.ijhydene.2015.06.109.Isotherm2,10.1016/j.ijhydene.2015.06.109,2015,db_nist_isodb,https://raw.githubusercontent.com/NIST-ISODB/isodb-library/master/Library/10.1016j.ijhydene.2015.06.109/10.1016j.ijhydene.2015.06.109.Isotherm2.json,Figure 2a,github_mirror_json,NIST category=exp; articleSource=Figure 2a; digitizer=David A. Anderegg.
Zr-fum MOF (433 k),H2,77,K,0.963687,bar,282.759,cm3(STP)/g,10.1016j.ijhydene.2015.06.109.Isotherm2,10.1016/j.ijhydene.2015.06.109,2015,db_nist_isodb,https://raw.githubusercontent.com/NIST-ISODB/isodb-library/master/Library/10.1016j.ijhydene.2015.06.109/10.1016j.ijhydene.2015.06.109.Isotherm2.json,Figure 2a,github_mirror_json,NIST category=exp; articleSource=Figure 2a; digitizer=David A. Anderegg.
Zr-fum MOF (433 k),H2,77,K,0.977654,bar,294.828,cm3(STP)/g,10.1016j.ijhydene.2015.06.109.Isotherm2,10.1016/j.ijhydene.2015.06.109,2015,db_nist_isodb,https://raw.githubusercontent.com/NIST-ISODB/isodb-library/master/Library/10.1016j.ijhydene.2015.06.109/10.1016j.ijhydene.2015.06.109.Isotherm2.json,Figure 2a,github_mirror_json,NIST category=exp; articleSource=Figure 2a; digitizer=David A. Anderegg.
Zr-fum MOF (433 k),H2,77,K,0.98324,bar,313.793,cm3(STP)/g,10.1016j.ijhydene.2015.06.109.Isotherm2,10.1016/j.ijhydene.2015.06.109,2015,db_nist_isodb,https://raw.githubusercontent.com/NIST-ISODB/isodb-library/master/Library/10.1016j.ijhydene.2015.06.109/10.1016j.ijhydene.2015.06.109.Isotherm2.json,Figure 2a,github_mirror_json,NIST category=exp; articleSource=Figure 2a; digitizer=David A. Anderegg.
Zr-fum MOF (433 k),H2,77,K,0.988827,bar,370.69,cm3(STP)/g,10.1016j.ijhydene.2015.06.109.Isotherm2,10.1016/j.ijhydene.2015.06.109,2015,db_nist_isodb,https://raw.githubusercontent.com/NIST-ISODB/isodb-library/master/Library/10.1016j.ijhydene.2015.06.109/10.1016j.ijhydene.2015.06.109.Isotherm2.json,Figure 2a,github_mirror_json,NIST category=exp; articleSource=Figure 2a; digitizer=David A. Anderegg.
Zr-fum MOF (473 k),H2,77,K,0.002793,bar,181.034,cm3(STP)/g,10.1016j.ijhydene.2015.06.109.Isotherm3,10.1016/j.ijhydene.2015.06.109,2015,db_nist_isodb,https://raw.githubusercontent.com/NIST-ISODB/isodb-library/master/Library/10.1016j.ijhydene.2015.06.109/10.1016j.ijhydene.2015.06.109.Isotherm3.json,Figure 2a,github_mirror_json,NIST category=exp; articleSource=Figure 2a; digitizer=David A. Anderegg.
Zr-fum MOF (473 k),H2,77,K,0.00838,bar,203.448,cm3(STP)/g,10.1016j.ijhydene.2015.06.109.Isotherm3,10.1016/j.ijhydene.2015.06.109,2015,db_nist_isodb,https://raw.githubusercontent.com/NIST-ISODB/isodb-library/master/Library/10.1016j.ijhydene.2015.06.109/10.1016j.ijhydene.2015.06.109.Isotherm3.json,Figure 2a,github_mirror_json,NIST category=exp; articleSource=Figure 2a; digitizer=David A. Anderegg.
Zr-fum MOF (473 k),H2,77,K,0.013966,bar,208.621,cm3(STP)/g,10.1016j.ijhydene.2015.06.109.Isotherm3,10.1016/j.ijhydene.2015.06.109,2015,db_nist_isodb,https://raw.githubusercontent.com/NIST-ISODB/isodb-library/master/Library/10.1016j.ijhydene.2015.06.109/10.1016j.ijhydene.2015.06.109.Isotherm3.json,Figure 2a,github_mirror_json,NIST category=exp; articleSource=Figure 2a; digitizer=David A. Anderegg.
Zr-fum MOF (473 k),H2,77,K,0.022346,bar,215.517,cm3(STP)/g,10.1016j.ijhydene.2015.06.109.Isotherm3,10.1016/j.ijhydene.2015.06.109,2015,db_nist_isodb,https://raw.githubusercontent.com/NIST-ISODB/isodb-library/master/Library/10.1016j.ijhydene.2015.06.109/10.1016j.ijhydene.2015.06.109.Isotherm3.json,Figure 2a,github_mirror_json,NIST category=exp; articleSource=Figure 2a; digitizer=David A. Anderegg.
Zr-fum MOF (473 k),H2,77,K,0.03352,bar,220.69,cm3(STP)/g,10.1016j.ijhydene.2015.06.109.Isotherm3,10.1016/j.ijhydene.2015.06.109,2015,db_nist_isodb,https://raw.githubusercontent.com/NIST-ISODB/isodb-library/master/Library/10.1016j.ijhydene.2015.06.109/10.1016j.ijhydene.2015.06.109.Isotherm3.json,Figure 2a,github_mirror_json,NIST category=exp; articleSource=Figure 2a; digitizer=David A. Anderegg.
Zr-fum MOF (473 k),H2,77,K,0.069832,bar,227.586,cm3(STP)/g,10.1016j.ijhydene.2015.06.109.Isotherm3,10.1016/j.ijhydene.2015.06.109,2015,db_nist_isodb,https://raw.githubusercontent.com/NIST-ISODB/isodb-library/master/Library/10.1016j.ijhydene.2015.06.109/10.1016j.ijhydene.2015.06.109.Isotherm3.json,Figure 2a,github_mirror_json,NIST category=exp; articleSource=Figure 2a; digitizer=David A. Anderegg.
Zr-fum MOF (473 k),H2,77,K,0.148045,bar,232.759,cm3(STP)/g,10.1016j.ijhydene.2015.06.109.Isotherm3,10.1016/j.ijhydene.2015.06.109,2015,db_nist_isodb,https://raw.githubusercontent.com/NIST-ISODB/isodb-library/master/Library/10.1016j.ijhydene.2015.06.109/10.1016j.ijhydene.2015.06.109.Isotherm3.json,Figure 2a,github_mirror_json,NIST category=exp; articleSource=Figure 2a; digitizer=David A. Anderegg.
Zr-fum MOF (473 k),H2,77,K,0.206704,bar,236.207,cm3(STP)/g,10.1016j.ijhydene.2015.06.109.Isotherm3,10.1016/j.ijhydene.2015.06.109,2015,db_nist_isodb,https://raw.githubusercontent.com/NIST-ISODB/isodb-library/master/Library/10.1016j.ijhydene.2015.06.109/10.1016j.ijhydene.2015.06.109.Isotherm3.json,Figure 2a,github_mirror_json,NIST category=exp; articleSource=Figure 2a; digitizer=David A. Anderegg.
Zr-fum MOF (473 k),H2,77,K,0.276536,bar,241.379,cm3(STP)/g,10.1016j.ijhydene.2015.06.109.Isotherm3,10.1016/j.ijhydene.2015.06.109,2015,db_nist_isodb,https://raw.githubusercontent.com/NIST-ISODB/isodb-library/master/Library/10.1016j.ijhydene.2015.06.109/10.1016j.ijhydene.2015.06.109.Isotherm3.json,Figure 2a,github_mirror_json,NIST category=exp; articleSource=Figure 2a; digitizer=David A. Anderegg.
Zr-fum MOF (473 k),H2,77,K,0.321229,bar,239.655,cm3(STP)/g,10.1016j.ijhydene.2015.06.109.Isotherm3,10.1016/j.ijhydene.2015.06.109,2015,db_nist_isodb,https://raw.githubusercontent.com/NIST-ISODB/isodb-library/master/Library/10.1016j.ijhydene.2015.06.109/10.1016j.ijhydene.2015.06.109.Isotherm3.json,Figure 2a,github_mirror_json,NIST category=exp; articleSource=Figure 2a; digitizer=David A. Anderegg.
Zr-fum MOF (473 k),H2,77,K,0.379888,bar,241.379,cm3(STP)/g,10.1016j.ijhydene.2015.06.109.Isotherm3,10.1016/j.ijhydene.2015.06.109,2015,db_nist_isodb,https://raw.githubusercontent.com/NIST-ISODB/isodb-library/master/Library/10.1016j.ijhydene.2015.06.109/10.1016j.ijhydene.2015.06.109.Isotherm3.json,Figure 2a,github_mirror_json,NIST category=exp; articleSource=Figure 2a; digitizer=David A. Anderegg.
Zr-fum MOF (473 k),H2,77,K,0.438547,bar,243.103,cm3(STP)/g,10.1016j.ijhydene.2015.06.109.Isotherm3,10.1016/j.ijhydene.2015.06.109,2015,db_nist_isodb,https://raw.githubusercontent.com/NIST-ISODB/isodb-library/master/Library/10.1016j.ijhydene.2015.06.109/10.1016j.ijhydene.2015.06.109.Isotherm3.json,Figure 2a,github_mirror_json,NIST category=exp; articleSource=Figure 2a; digitizer=David A. Anderegg.
Zr-fum MOF (473 k),H2,77,K,0.519553,bar,246.552,cm3(STP)/g,10.1016j.ijhydene.2015.06.109.Isotherm3,10.1016/j.ijhydene.2015.06.109,2015,db_nist_isodb,https://raw.githubusercontent.com/NIST-ISODB/isodb-library/master/Library/10.1016j.ijhydene.2015.06.109/10.1016j.ijhydene.2015.06.109.Isotherm3.json,Figure 2a,github_mirror_json,NIST category=exp; articleSource=Figure 2a; digitizer=David A. Anderegg.
Zr-fum MOF (473 k),H2,77,K,0.578212,bar,246.552,cm3(STP)/g,10.1016j.ijhydene.2015.06.109.Isotherm3,10.1016/j.ijhydene.2015.06.109,2015,db_nist_isodb,https://raw.githubusercontent.com/NIST-ISODB/isodb-library/master/Library/10.1016j.ijhydene.2015.06.109/10.1016j.ijhydene.2015.06.109.Isotherm3.json,Figure 2a,github_mirror_json,NIST category=exp; articleSource=Figure 2a; digitizer=David A. Anderegg.
Zr-fum MOF (473 k),H2,77,K,0.622905,bar,248.276,cm3(STP)/g,10.1016j.ijhydene.2015.06.109.Isotherm3,10.1016/j.ijhydene.2015.06.109,2015,db_nist_isodb,https://raw.githubusercontent.com/NIST-ISODB/isodb-library/master/Library/10.1016j.ijhydene.2015.06.109/10.1016j.ijhydene.2015.06.109.Isotherm3.json,Figure 2a,github_mirror_json,NIST category=exp; articleSource=Figure 2a; digitizer=David A. Anderegg.
Zr-fum MOF (473 k),H2,77,K,0.670391,bar,248.276,cm3(STP)/g,10.1016j.ijhydene.2015.06.109.Isotherm3,10.1016/j.ijhydene.2015.06.109,2015,db_nist_isodb,https://raw.githubusercontent.com/NIST-ISODB/isodb-library/master/Library/10.1016j.ijhydene.2015.06.109/10.1016j.ijhydene.2015.06.109.Isotherm3.json,Figure 2a,github_mirror_json,NIST category=exp; articleSource=Figure 2a; digitizer=David A. Anderegg.
Zr-fum MOF (473 k),H2,77,K,0.74581,bar,250,cm3(STP)/g,10.1016j.ijhydene.2015.06.109.Isotherm3,10.1016/j.ijhydene.2015.06.109,2015,db_nist_isodb,https://raw.githubusercontent.com/NIST-ISODB/isodb-library/master/Library/10.1016j.ijhydene.2015.06.109/10.1016j.ijhydene.2015.06.109.Isotherm3.json,Figure 2a,github_mirror_json,NIST category=exp; articleSource=Figure 2a; digitizer=David A. Anderegg.
Zr-fum MOF (473 k),H2,77,K,0.751397,bar,250,cm3(STP)/g,10.1016j.ijhydene.2015.06.109.Isotherm3,10.1016/j.ijhydene.2015.06.109,2015,db_nist_isodb,https://raw.githubusercontent.com/NIST-ISODB/isodb-library/master/Library/10.1016j.ijhydene.2015.06.109/10.1016j.ijhydene.2015.06.109.Isotherm3.json,Figure 2a,github_mirror_json,NIST category=exp; articleSource=Figure 2a; digitizer=David A. Anderegg.
Zr-fum MOF (473 k),H2,77,K,0.793296,bar,250,cm3(STP)/g,10.1016j.ijhydene.2015.06.109.Isotherm3,10.1016/j.ijhydene.2015.06.109,2015,db_nist_isodb,https://raw.githubusercontent.com/NIST-ISODB/isodb-library/master/Library/10.1016j.ijhydene.2015.06.109/10.1016j.ijhydene.2015.06.109.Isotherm3.json,Figure 2a,github_mirror_json,NIST category=exp; articleSource=Figure 2a; digitizer=David A. Anderegg.
Zr-fum MOF (473 k),H2,77,K,0.810056,bar,253.448,cm3(STP)/g,10.1016j.ijhydene.2015.06.109.Isotherm3,10.1016/j.ijhydene.2015.06.109,2015,db_nist_isodb,https://raw.githubusercontent.com/NIST-ISODB/isodb-library/master/Library/10.1016j.ijhydene.2015.06.109/10.1016j.ijhydene.2015.06.109.Isotherm3.json,Figure 2a,github_mirror_json,NIST category=exp; articleSource=Figure 2a; digitizer=David A. Anderegg.
Zr-fum MOF (473 k),H2,77,K,0.818436,bar,253.448,cm3(STP)/g,10.1016j.ijhydene.2015.06.109.Isotherm3,10.1016/j.ijhydene.2015.06.109,2015,db_nist_isodb,https://raw.githubusercontent.com/NIST-ISODB/isodb-library/master/Library/10.1016j.ijhydene.2015.06.109/10.1016j.ijhydene.2015.06.109.Isotherm3.json,Figure 2a,github_mirror_json,NIST category=exp; articleSource=Figure 2a; digitizer=David A. Anderegg.
Zr-fum MOF (473 k),H2,77,K,0.871508,bar,253.448,cm3(STP)/g,10.1016j.ijhydene.2015.06.109.Isotherm3,10.1016/j.ijhydene.2015.06.109,2015,db_nist_isodb,https://raw.githubusercontent.com/NIST-ISODB/isodb-library/master/Library/10.1016j.ijhydene.2015.06.109/10.1016j.ijhydene.2015.06.109.Isotherm3.json,Figure 2a,github_mirror_json,NIST category=exp; articleSource=Figure 2a; digitizer=David A. Anderegg.
Zr-fum MOF (473 k),H2,77,K,0.913408,bar,256.897,cm3(STP)/g,10.1016j.ijhydene.2015.06.109.Isotherm3,10.1016/j.ijhydene.2015.06.109,2015,db_nist_isodb,https://raw.githubusercontent.com/NIST-ISODB/isodb-library/master/Library/10.1016j.ijhydene.2015.06.109/10.1016j.ijhydene.2015.06.109.Isotherm3.json,Figure 2a,github_mirror_json,NIST category=exp; articleSource=Figure 2a; digitizer=David A. Anderegg.
Zr-fum MOF (473 k),H2,77,K,0.932961,bar,258.621,cm3(STP)/g,10.1016j.ijhydene.2015.06.109.Isotherm3,10.1016/j.ijhydene.2015.06.109,2015,db_nist_isodb,https://raw.githubusercontent.com/NIST-ISODB/isodb-library/master/Library/10.1016j.ijhydene.2015.06.109/10.1016j.ijhydene.2015.06.109.Isotherm3.json,Figure 2a,github_mirror_json,NIST category=exp; articleSource=Figure 2a; digitizer=David A. Anderegg.
Zr-fum MOF (473 k),H2,77,K,0.955307,bar,260.345,cm3(STP)/g,10.1016j.ijhydene.2015.06.109.Isotherm3,10.1016/j.ijhydene.2015.06.109,2015,db_nist_isodb,https://raw.githubusercontent.com/NIST-ISODB/isodb-library/master/Library/10.1016j.ijhydene.2015.06.109/10.1016j.ijhydene.2015.06.109.Isotherm3.json,Figure 2a,github_mirror_json,NIST category=exp; articleSource=Figure 2a; digitizer=David A. Anderegg.
Zr-fum MOF (473 k),H2,77,K,0.972067,bar,262.069,cm3(STP)/g,10.1016j.ijhydene.2015.06.109.Isotherm3,10.1016/j.ijhydene.2015.06.109,2015,db_nist_isodb,https://raw.githubusercontent.com/NIST-ISODB/isodb-library/master/Library/10.1016j.ijhydene.2015.06.109/10.1016j.ijhydene.2015.06.109.Isotherm3.json,Figure 2a,github_mirror_json,NIST category=exp; articleSource=Figure 2a; digitizer=David A. Anderegg.
Zr-fum MOF (473 k),H2,77,K,0.98324,bar,263.793,cm3(STP)/g,10.1016j.ijhydene.2015.06.109.Isotherm3,10.1016/j.ijhydene.2015.06.109,2015,db_nist_isodb,https://raw.githubusercontent.com/NIST-ISODB/isodb-library/master/Library/10.1016j.ijhydene.2015.06.109/10.1016j.ijhydene.2015.06.109.Isotherm3.json,Figure 2a,github_mirror_json,NIST category=exp; articleSource=Figure 2a; digitizer=David A. Anderegg.
Zr-fum MOF (473 k),H2,77,K,0.988827,bar,270.69,cm3(STP)/g,10.1016j.ijhydene.2015.06.109.Isotherm3,10.1016/j.ijhydene.2015.06.109,2015,db_nist_isodb,https://raw.githubusercontent.com/NIST-ISODB/isodb-library/master/Library/10.1016j.ijhydene.2015.06.109/10.1016j.ijhydene.2015.06.109.Isotherm3.json,Figure 2a,github_mirror_json,NIST category=exp; articleSource=Figure 2a; digitizer=David A. Anderegg.
Zr-fum MOF (473 k),H2,77,K,0.994413,bar,274.138,cm3(STP)/g,10.1016j.ijhydene.2015.06.109.Isotherm3,10.1016/j.ijhydene.2015.06.109,2015,db_nist_isodb,https://raw.githubusercontent.com/NIST-ISODB/isodb-library/master/Library/10.1016j.ijhydene.2015.06.109/10.1016j.ijhydene.2015.06.109.Isotherm3.json,Figure 2a,github_mirror_json,NIST category=exp; articleSource=Figure 2a; digitizer=David A. Anderegg.
Zr-fum MOF (433 k),H2,77,K,0.013774,bar,0.167379,wt%,10.1016j.ijhydene.2015.06.109.Isotherm4,10.1016/j.ijhydene.2015.06.109,2015,db_nist_isodb,https://raw.githubusercontent.com/NIST-ISODB/isodb-library/master/Library/10.1016j.ijhydene.2015.06.109/10.1016j.ijhydene.2015.06.109.Isotherm4.json,Figure 2b,github_mirror_json,NIST category=exp; articleSource=Figure 2b; digitizer=David A. Anderegg.
Zr-fum MOF (433 k),H2,77,K,0.033058,bar,0.326224,wt%,10.1016j.ijhydene.2015.06.109.Isotherm4,10.1016/j.ijhydene.2015.06.109,2015,db_nist_isodb,https://raw.githubusercontent.com/NIST-ISODB/isodb-library/master/Library/10.1016j.ijhydene.2015.06.109/10.1016j.ijhydene.2015.06.109.Isotherm4.json,Figure 2b,github_mirror_json,NIST category=exp; articleSource=Figure 2b; digitizer=David A. Anderegg.
Zr-fum MOF (433 k),H2,77,K,0.066116,bar,0.471126,wt%,10.1016j.ijhydene.2015.06.109.Isotherm4,10.1016/j.ijhydene.2015.06.109,2015,db_nist_isodb,https://raw.githubusercontent.com/NIST-ISODB/isodb-library/master/Library/10.1016j.ijhydene.2015.06.109/10.1016j.ijhydene.2015.06.109.Isotherm4.json,Figure 2b,github_mirror_json,NIST category=exp; articleSource=Figure 2b; digitizer=David A. Anderegg.
Zr-fum MOF (433 k),H2,77,K,0.110193,bar,0.602071,wt%,10.1016j.ijhydene.2015.06.109.Isotherm4,10.1016/j.ijhydene.2015.06.109,2015,db_nist_isodb,https://raw.githubusercontent.com/NIST-ISODB/isodb-library/master/Library/10.1016j.ijhydene.2015.06.109/10.1016j.ijhydene.2015.06.109.Isotherm4.json,Figure 2b,github_mirror_json,NIST category=exp; articleSource=Figure 2b; digitizer=David A. Anderegg.
Zr-fum MOF (433 k),H2,77,K,0.168044,bar,0.714403,wt%,10.1016j.ijhydene.2015.06.109.Isotherm4,10.1016/j.ijhydene.2015.06.109,2015,db_nist_isodb,https://raw.githubusercontent.com/NIST-ISODB/isodb-library/master/Library/10.1016j.ijhydene.2015.06.109/10.1016j.ijhydene.2015.06.109.Isotherm4.json,Figure 2b,github_mirror_json,NIST category=exp; articleSource=Figure 2b; digitizer=David A. Anderegg.
Zr-fum MOF (433 k),H2,77,K,0.23416,bar,0.826774,wt%,10.1016j.ijhydene.2015.06.109.Isotherm4,10.1016/j.ijhydene.2015.06.109,2015,db_nist_isodb,https://raw.githubusercontent.com/NIST-ISODB/isodb-library/master/Library/10.1016j.ijhydene.2015.06.109/10.1016j.ijhydene.2015.06.109.Isotherm4.json,Figure 2b,github_mirror_json,NIST category=exp; articleSource=Figure 2b; digitizer=David A. Anderegg.
Zr-fum MOF (433 k),H2,77,K,0.311295,bar,0.91585,wt%,10.1016j.ijhydene.2015.06.109.Isotherm4,10.1016/j.ijhydene.2015.06.109,2015,db_nist_isodb,https://raw.githubusercontent.com/NIST-ISODB/isodb-library/master/Library/10.1016j.ijhydene.2015.06.109/10.1016j.ijhydene.2015.06.109.Isotherm4.json,Figure 2b,github_mirror_json,NIST category=exp; articleSource=Figure 2b; digitizer=David A. Anderegg.
Zr-fum MOF (433 k),H2,77,K,0.399449,bar,0.995639,wt%,10.1016j.ijhydene.2015.06.109.Isotherm4,10.1016/j.ijhydene.2015.06.109,2015,db_nist_isodb,https://raw.githubusercontent.com/NIST-ISODB/isodb-library/master/Library/10.1016j.ijhydene.2015.06.109/10.1016j.ijhydene.2015.06.109.Isotherm4.json,Figure 2b,github_mirror_json,NIST category=exp; articleSource=Figure 2b; digitizer=David A. Anderegg.
Zr-fum MOF (433 k),H2,77,K,0.495868,bar,1.0708,wt%,10.1016j.ijhydene.2015.06.109.Isotherm4,10.1016/j.ijhydene.2015.06.109,2015,db_nist_isodb,https://raw.githubusercontent.com/NIST-ISODB/isodb-library/master/Library/10.1016j.ijhydene.2015.06.109/10.1016j.ijhydene.2015.06.109.Isotherm4.json,Figure 2b,github_mirror_json,NIST category=exp; articleSource=Figure 2b; digitizer=David A. Anderegg.
Zr-fum MOF (433 k),H2,77,K,0.603306,bar,1.13667,wt%,10.1016j.ijhydene.2015.06.109.Isotherm4,10.1016/j.ijhydene.2015.06.109,2015,db_nist_isodb,https://raw.githubusercontent.com/NIST-ISODB/isodb-library/master/Library/10.1016j.ijhydene.2015.06.109/10.1016j.ijhydene.2015.06.109.Isotherm4.json,Figure 2b,github_mirror_json,NIST category=exp; articleSource=Figure 2b; digitizer=David A. Anderegg.
Zr-fum MOF (433 k),H2,77,K,0.716253,bar,1.19323,wt%,10.1016j.ijhydene.2015.06.109.Isotherm4,10.1016/j.ijhydene.2015.06.109,2015,db_nist_isodb,https://raw.githubusercontent.com/NIST-ISODB/isodb-library/master/Library/10.1016j.ijhydene.2015.06.109/10.1016j.ijhydene.2015.06.109.Isotherm4.json,Figure 2b,github_mirror_json,NIST category=exp; articleSource=Figure 2b; digitizer=David A. Anderegg.
Zr-fum MOF (433 k),H2,77,K,0.826446,bar,1.24043,wt%,10.1016j.ijhydene.2015.06.109.Isotherm4,10.1016/j.ijhydene.2015.06.109,2015,db_nist_isodb,https://raw.githubusercontent.com/NIST-ISODB/isodb-library/master/Library/10.1016j.ijhydene.2015.06.109/10.1016j.ijhydene.2015.06.109.Isotherm4.json,Figure 2b,github_mirror_json,NIST category=exp; articleSource=Figure 2b; digitizer=David A. Anderegg.
Zr-fum MOF (433 k),H2,77,K,0.92562,bar,1.28292,wt%,10.1016j.ijhydene.2015.06.109.Isotherm4,10.1016/j.ijhydene.2015.06.109,2015,db_nist_isodb,https://raw.githubusercontent.com/NIST-ISODB/isodb-library/master/Library/10.1016j.ijhydene.2015.06.109/10.1016j.ijhydene.2015.06.109.Isotherm4.json,Figure 2b,github_mirror_json,NIST category=exp; articleSource=Figure 2b; digitizer=David A. Anderegg.
Zr-fum MOF (393 k),H2,77,K,0.013774,bar,0.148702,wt%,10.1016j.ijhydene.2015.06.109.Isotherm6,10.1016/j.ijhydene.2015.06.109,2015,db_nist_isodb,https://raw.githubusercontent.com/NIST-ISODB/isodb-library/master/Library/10.1016j.ijhydene.2015.06.109/10.1016j.ijhydene.2015.06.109.Isotherm6.json,Figure 2b,github_mirror_json,NIST category=exp; articleSource=Figure 2b; digitizer=David A. Anderegg.
Zr-fum MOF (393 k),H2,77,K,0.035813,bar,0.30756,wt%,10.1016j.ijhydene.2015.06.109.Isotherm6,10.1016/j.ijhydene.2015.06.109,2015,db_nist_isodb,https://raw.githubusercontent.com/NIST-ISODB/isodb-library/master/Library/10.1016j.ijhydene.2015.06.109/10.1016j.ijhydene.2015.06.109.Isotherm6.json,Figure 2b,github_mirror_json,NIST category=exp; articleSource=Figure 2b; digitizer=David A. Anderegg.
Zr-fum MOF (393 k),H2,77,K,0.060606,bar,0.438415,wt%,10.1016j.ijhydene.2015.06.109.Isotherm6,10.1016/j.ijhydene.2015.06.109,2015,db_nist_isodb,https://raw.githubusercontent.com/NIST-ISODB/isodb-library/master/Library/10.1016j.ijhydene.2015.06.109/10.1016j.ijhydene.2015.06.109.Isotherm6.json,Figure 2b,github_mirror_json,NIST category=exp; articleSource=Figure 2b; digitizer=David A. Anderegg.
Zr-fum MOF (393 k),H2,77,K,0.099174,bar,0.559996,wt%,10.1016j.ijhydene.2015.06.109.Isotherm6,10.1016/j.ijhydene.2015.06.109,2015,db_nist_isodb,https://raw.githubusercontent.com/NIST-ISODB/isodb-library/master/Library/10.1016j.ijhydene.2015.06.109/10.1016j.ijhydene.2015.06.109.Isotherm6.json,Figure 2b,github_mirror_json,NIST category=exp; articleSource=Figure 2b; digitizer=David A. Anderegg.
Zr-fum MOF (393 k),H2,77,K,0.137741,bar,0.672238,wt%,10.1016j.ijhydene.2015.06.109.Isotherm6,10.1016/j.ijhydene.2015.06.109,2015,db_nist_isodb,https://raw.githubusercontent.com/NIST-ISODB/isodb-library/master/Library/10.1016j.ijhydene.2015.06.109/10.1016j.ijhydene.2015.06.109.Isotherm6.json,Figure 2b,github_mirror_json,NIST category=exp; articleSource=Figure 2b; digitizer=David A. Anderegg.
Zr-fum MOF (393 k),H2,77,K,0.187328,bar,0.775194,wt%,10.1016j.ijhydene.2015.06.109.Isotherm6,10.1016/j.ijhydene.2015.06.109,2015,db_nist_isodb,https://raw.githubusercontent.com/NIST-ISODB/isodb-library/master/Library/10.1016j.ijhydene.2015.06.109/10.1016j.ijhydene.2015.06.109.Isotherm6.json,Figure 2b,github_mirror_json,NIST category=exp; articleSource=Figure 2b; digitizer=David A. Anderegg.
Zr-fum MOF (393 k),H2,77,K,0.239669,bar,0.864154,wt%,10.1016j.ijhydene.2015.06.109.Isotherm6,10.1016/j.ijhydene.2015.06.109,2015,db_nist_isodb,https://raw.githubusercontent.com/NIST-ISODB/isodb-library/master/Library/10.1016j.ijhydene.2015.06.109/10.1016j.ijhydene.2015.06.109.Isotherm6.json,Figure 2b,github_mirror_json,NIST category=exp; articleSource=Figure 2b; digitizer=David A. Anderegg.
Zr-fum MOF (393 k),H2,77,K,0.30303,bar,0.943827,wt%,10.1016j.ijhydene.2015.06.109.Isotherm6,10.1016/j.ijhydene.2015.06.109,2015,db_nist_isodb,https://raw.githubusercontent.com/NIST-ISODB/isodb-library/master/Library/10.1016j.ijhydene.2015.06.109/10.1016j.ijhydene.2015.06.109.Isotherm6.json,Figure 2b,github_mirror_json,NIST category=exp; articleSource=Figure 2b; digitizer=David A. Anderegg.
Zr-fum MOF (393 k),H2,77,K,0.366391,bar,1.01883,wt%,10.1016j.ijhydene.2015.06.109.Isotherm6,10.1016/j.ijhydene.2015.06.109,2015,db_nist_isodb,https://raw.githubusercontent.com/NIST-ISODB/isodb-library/master/Library/10.1016j.ijhydene.2015.06.109/10.1016j.ijhydene.2015.06.109.Isotherm6.json,Figure 2b,github_mirror_json,NIST category=exp; articleSource=Figure 2b; digitizer=David A. Anderegg.
Zr-fum MOF (393 k),H2,77,K,0.432507,bar,1.08451,wt%,10.1016j.ijhydene.2015.06.109.Isotherm6,10.1016/j.ijhydene.2015.06.109,2015,db_nist_isodb,https://raw.githubusercontent.com/NIST-ISODB/isodb-library/master/Library/10.1016j.ijhydene.2015.06.109/10.1016j.ijhydene.2015.06.109.Isotherm6.json,Figure 2b,github_mirror_json,NIST category=exp; articleSource=Figure 2b; digitizer=David A. Anderegg.
Zr-fum MOF (393 k),H2,77,K,0.504132,bar,1.14554,wt%,10.1016j.ijhydene.2015.06.109.Isotherm6,10.1016/j.ijhydene.2015.06.109,2015,db_nist_isodb,https://raw.githubusercontent.com/NIST-ISODB/isodb-library/master/Library/10.1016j.ijhydene.2015.06.109/10.1016j.ijhydene.2015.06.109.Isotherm6.json,Figure 2b,github_mirror_json,NIST category=exp; articleSource=Figure 2b; digitizer=David A. Anderegg.
Zr-fum MOF (393 k),H2,77,K,0.581267,bar,1.20194,wt%,10.1016j.ijhydene.2015.06.109.Isotherm6,10.1016/j.ijhydene.2015.06.109,2015,db_nist_isodb,https://raw.githubusercontent.com/NIST-ISODB/isodb-library/master/Library/10.1016j.ijhydene.2015.06.109/10.1016j.ijhydene.2015.06.109.Isotherm6.json,Figure 2b,github_mirror_json,NIST category=exp; articleSource=Figure 2b; digitizer=David A. Anderegg.
Zr-fum MOF (393 k),H2,77,K,0.658402,bar,1.25366,wt%,10.1016j.ijhydene.2015.06.109.Isotherm6,10.1016/j.ijhydene.2015.06.109,2015,db_nist_isodb,https://raw.githubusercontent.com/NIST-ISODB/isodb-library/master/Library/10.1016j.ijhydene.2015.06.109/10.1016j.ijhydene.2015.06.109.Isotherm6.json,Figure 2b,github_mirror_json,NIST category=exp; articleSource=Figure 2b; digitizer=David A. Anderegg.
Zr-fum MOF (393 k),H2,77,K,0.741047,bar,1.30074,wt%,10.1016j.ijhydene.2015.06.109.Isotherm6,10.1016/j.ijhydene.2015.06.109,2015,db_nist_isodb,https://raw.githubusercontent.com/NIST-ISODB/isodb-library/master/Library/10.1016j.ijhydene.2015.06.109/10.1016j.ijhydene.2015.06.109.Isotherm6.json,Figure 2b,github_mirror_json,NIST category=exp; articleSource=Figure 2b; digitizer=David A. Anderegg.
Zr-fum MOF (393 k),H2,77,K,0.829201,bar,1.34317,wt%,10.1016j.ijhydene.2015.06.109.Isotherm6,10.1016/j.ijhydene.2015.06.109,2015,db_nist_isodb,https://raw.githubusercontent.com/NIST-ISODB/isodb-library/master/Library/10.1016j.ijhydene.2015.06.109/10.1016j.ijhydene.2015.06.109.Isotherm6.json,Figure 2b,github_mirror_json,NIST category=exp; articleSource=Figure 2b; digitizer=David A. Anderegg.
Zr-fum MOF (393 k),H2,77,K,0.917355,bar,1.38561,wt%,10.1016j.ijhydene.2015.06.109.Isotherm6,10.1016/j.ijhydene.2015.06.109,2015,db_nist_isodb,https://raw.githubusercontent.com/NIST-ISODB/isodb-library/master/Library/10.1016j.ijhydene.2015.06.109/10.1016j.ijhydene.2015.06.109.Isotherm6.json,Figure 2b,github_mirror_json,NIST category=exp; articleSource=Figure 2b; digitizer=David A. Anderegg.
Zr-fum MOF (393 k),H2,77,K,0.928375,bar,1.38566,wt%,10.1016j.ijhydene.2015.06.109.Isotherm6,10.1016/j.ijhydene.2015.06.109,2015,db_nist_isodb,https://raw.githubusercontent.com/NIST-ISODB/isodb-library/master/Library/10.1016j.ijhydene.2015.06.109/10.1016j.ijhydene.2015.06.109.Isotherm6.json,Figure 2b,github_mirror_json,NIST category=exp; articleSource=Figure 2b; digitizer=David A. Anderegg.
